-- MySQL dump 10.13  Distrib 8.0.46, for Win64 (x86_64)
--
-- Host: localhost    Database: navsa
-- ------------------------------------------------------
-- Server version	8.0.46

/*!40101 SET @OLD_CHARACTER_SET_CLIENT=@@CHARACTER_SET_CLIENT */;
/*!40101 SET @OLD_CHARACTER_SET_RESULTS=@@CHARACTER_SET_RESULTS */;
/*!40101 SET @OLD_COLLATION_CONNECTION=@@COLLATION_CONNECTION */;
/*!50503 SET NAMES utf8 */;
/*!40103 SET @OLD_TIME_ZONE=@@TIME_ZONE */;
/*!40103 SET TIME_ZONE='+00:00' */;
/*!40014 SET @OLD_UNIQUE_CHECKS=@@UNIQUE_CHECKS, UNIQUE_CHECKS=0 */;
/*!40014 SET @OLD_FOREIGN_KEY_CHECKS=@@FOREIGN_KEY_CHECKS, FOREIGN_KEY_CHECKS=0 */;
/*!40101 SET @OLD_SQL_MODE=@@SQL_MODE, SQL_MODE='NO_AUTO_VALUE_ON_ZERO' */;
/*!40111 SET @OLD_SQL_NOTES=@@SQL_NOTES, SQL_NOTES=0 */;

--
-- Table structure for table `addresses`
--

DROP TABLE IF EXISTS `addresses`;
/*!40101 SET @saved_cs_client     = @@character_set_client */;
/*!50503 SET character_set_client = utf8mb4 */;
CREATE TABLE `addresses` (
  `id` int NOT NULL AUTO_INCREMENT,
  `user_id` int NOT NULL,
  `address_line1` varchar(255) DEFAULT NULL,
  `address_line2` varchar(255) DEFAULT NULL,
  `city` varchar(100) DEFAULT NULL,
  `postcode` varchar(50) DEFAULT NULL,
  `country` varchar(100) DEFAULT NULL,
  PRIMARY KEY (`id`),
  KEY `user_id` (`user_id`),
  CONSTRAINT `addresses_ibfk_1` FOREIGN KEY (`user_id`) REFERENCES `users` (`id`)
) ENGINE=InnoDB DEFAULT CHARSET=utf8mb4 COLLATE=utf8mb4_unicode_ci;
/*!40101 SET character_set_client = @saved_cs_client */;

--
-- Dumping data for table `addresses`
--

LOCK TABLES `addresses` WRITE;
/*!40000 ALTER TABLE `addresses` DISABLE KEYS */;
/*!40000 ALTER TABLE `addresses` ENABLE KEYS */;
UNLOCK TABLES;

--
-- Table structure for table `basket_shipping`
--

DROP TABLE IF EXISTS `basket_shipping`;
/*!40101 SET @saved_cs_client     = @@character_set_client */;
/*!50503 SET character_set_client = utf8mb4 */;
CREATE TABLE `basket_shipping` (
  `id` int NOT NULL AUTO_INCREMENT,
  `session_id` varchar(255) NOT NULL,
  `container_id` int NOT NULL,
  `country_id` int NOT NULL,
  `port_id` int NOT NULL,
  `total_value` decimal(12,2) DEFAULT '0.00',
  `total_weight` decimal(12,2) DEFAULT '0.00',
  `total_volume` decimal(12,2) DEFAULT '0.00',
  `created_at` timestamp NULL DEFAULT NULL,
  `updated_at` timestamp NULL DEFAULT NULL,
  PRIMARY KEY (`id`),
  KEY `fk_basket_container` (`container_id`),
  KEY `fk_basket_country` (`country_id`),
  KEY `fk_basket_port` (`port_id`),
  CONSTRAINT `fk_basket_container` FOREIGN KEY (`container_id`) REFERENCES `shipping_containers` (`id`),
  CONSTRAINT `fk_basket_country` FOREIGN KEY (`country_id`) REFERENCES `shipping_countries` (`id`),
  CONSTRAINT `fk_basket_port` FOREIGN KEY (`port_id`) REFERENCES `shipping_ports` (`id`)
) ENGINE=InnoDB DEFAULT CHARSET=utf8mb4 COLLATE=utf8mb4_unicode_ci;
/*!40101 SET character_set_client = @saved_cs_client */;

--
-- Dumping data for table `basket_shipping`
--

LOCK TABLES `basket_shipping` WRITE;
/*!40000 ALTER TABLE `basket_shipping` DISABLE KEYS */;
/*!40000 ALTER TABLE `basket_shipping` ENABLE KEYS */;
UNLOCK TABLES;

--
-- Table structure for table `brands`
--

DROP TABLE IF EXISTS `brands`;
/*!40101 SET @saved_cs_client     = @@character_set_client */;
/*!50503 SET character_set_client = utf8mb4 */;
CREATE TABLE `brands` (
  `id` int NOT NULL AUTO_INCREMENT,
  `brand_name` varchar(255) NOT NULL,
  `logo` varchar(255) DEFAULT NULL,
  `status` tinyint DEFAULT '1',
  `created_at` timestamp NULL DEFAULT CURRENT_TIMESTAMP,
  `updated_at` timestamp NULL DEFAULT CURRENT_TIMESTAMP ON UPDATE CURRENT_TIMESTAMP,
  PRIMARY KEY (`id`)
) ENGINE=InnoDB AUTO_INCREMENT=158 DEFAULT CHARSET=utf8mb4 COLLATE=utf8mb4_unicode_ci;
/*!40101 SET character_set_client = @saved_cs_client */;

--
-- Dumping data for table `brands`
--

LOCK TABLES `brands` WRITE;
/*!40000 ALTER TABLE `brands` DISABLE KEYS */;
INSERT INTO `brands` VALUES (1,'Cadbury',NULL,1,'2026-06-21 17:35:29','2026-07-06 15:07:29'),(2,'Young\'s',NULL,1,'2026-06-21 17:35:29','2026-07-06 15:07:29'),(3,'McVitie\'s',NULL,1,'2026-06-21 17:35:29','2026-07-06 15:07:29'),(4,'Nestle',NULL,1,'2026-06-21 17:35:29','2026-07-06 15:07:29'),(5,'Coca Cola',NULL,1,'2026-06-21 17:35:29','2026-07-06 15:07:29'),(6,'NESCAFE',NULL,1,'2026-06-22 06:04:01','2026-07-06 15:07:29'),(7,'MCVITIES',NULL,1,'2026-06-22 06:04:01','2026-07-06 15:07:29'),(8,'BISTO',NULL,1,'2026-06-22 06:04:01','2026-07-06 15:07:29'),(9,'RED BULL',NULL,1,'2026-06-22 06:04:01','2026-07-06 15:07:29'),(10,'TETLEY',NULL,1,'2026-06-22 06:04:01','2026-07-06 15:07:29'),(11,'LINDT & SPRUGALI',NULL,1,'2026-06-22 06:04:01','2026-07-06 15:07:29'),(12,'NANDO\'S',NULL,1,'2026-06-22 06:04:01','2026-07-06 15:07:29'),(13,'CANDY',NULL,1,'2026-06-22 06:04:01','2026-07-06 15:07:29'),(14,'GOLDEN WONDER',NULL,1,'2026-06-22 06:04:01','2026-07-06 15:07:29'),(15,'BAZOOKA',NULL,1,'2026-06-22 06:04:01','2026-07-06 15:07:29'),(16,'JACK DANIELS',NULL,1,'2026-06-22 06:04:01','2026-07-06 15:07:29'),(17,'FRUIT SHOOT',NULL,1,'2026-06-22 06:04:01','2026-07-06 15:07:29'),(18,'POWERADE',NULL,1,'2026-06-22 06:04:01','2026-07-06 15:07:29'),(19,'LUCOZADE',NULL,1,'2026-06-22 06:04:01','2026-07-06 15:07:29'),(20,'GREEN\'S',NULL,1,'2026-06-22 06:04:01','2026-07-06 15:07:29'),(21,'KELLOGGS',NULL,1,'2026-06-22 06:04:01','2026-07-06 15:07:29'),(22,'BEBETO',NULL,1,'2026-06-22 06:04:01','2026-07-06 15:07:29'),(23,'HEINZ',NULL,1,'2026-06-22 06:04:01','2026-07-06 15:07:29'),(24,'SNICKERS',NULL,1,'2026-06-22 06:04:01','2026-07-06 15:07:29'),(25,'CHUPA CHUP',NULL,1,'2026-06-22 06:04:01','2026-07-06 15:07:29'),(26,'HARTLEYS',NULL,1,'2026-06-22 06:04:01','2026-07-06 15:07:29'),(27,'JOHN WEST',NULL,1,'2026-06-22 06:04:01','2026-07-06 15:07:29'),(28,'STARBUCKS',NULL,1,'2026-06-22 06:04:01','2026-07-06 15:07:29'),(29,'SHEBA',NULL,1,'2026-06-22 06:04:01','2026-07-06 15:07:29'),(30,'Wafflemeister',NULL,1,'2026-06-22 06:04:01','2026-07-06 15:07:29'),(31,'FELLOWS',NULL,1,'2026-06-22 06:04:01','2026-07-06 15:07:29'),(32,'GALAXY',NULL,1,'2026-06-22 06:04:01','2026-07-06 15:07:29'),(33,'HARIBO',NULL,1,'2026-06-22 06:04:01','2026-07-06 15:07:29'),(34,'JACK',NULL,1,'2026-06-22 06:04:01','2026-07-06 15:07:29'),(35,'KNOPPERS',NULL,1,'2026-06-22 06:04:01','2026-07-06 15:07:29'),(36,'PROPER',NULL,1,'2026-06-22 06:04:01','2026-07-06 15:07:29'),(37,'RUBICON',NULL,1,'2026-06-22 06:04:01','2026-07-06 15:07:29'),(38,'BEANIES',NULL,1,'2026-06-22 06:04:01','2026-07-06 15:07:29'),(39,'JELLY BELLY',NULL,1,'2026-06-22 06:04:01','2026-07-06 15:07:29'),(40,'CHEWITS',NULL,1,'2026-06-22 06:04:01','2026-07-06 15:07:29'),(41,'BRAIN BLASTERZ',NULL,1,'2026-06-22 06:04:01','2026-07-06 15:07:29'),(42,'FORCE PROTEIN',NULL,1,'2026-06-22 06:04:01','2026-07-06 15:07:29'),(43,'CACAOLAT',NULL,1,'2026-06-22 06:04:01','2026-07-06 15:07:29'),(44,'FILIPPO BERIO',NULL,1,'2026-06-22 06:04:01','2026-07-06 15:07:29'),(45,'CARNATION',NULL,1,'2026-06-22 06:04:01','2026-07-06 15:07:29'),(46,'DEL MON',NULL,1,'2026-06-22 06:04:01','2026-07-06 15:07:29'),(47,'BARRATTS',NULL,1,'2026-06-22 06:04:01','2026-07-06 15:07:29'),(48,'WHAM EXTREME',NULL,1,'2026-06-22 06:04:01','2026-07-06 15:07:29'),(49,'ZODIAC',NULL,1,'2026-06-22 06:04:01','2026-07-06 15:07:29'),(50,'Huntley & Palmer',NULL,1,'2026-06-22 06:04:01','2026-07-06 15:07:29'),(51,'EATREAL',NULL,1,'2026-06-22 06:04:01','2026-07-06 15:07:29'),(52,'GRENADE',NULL,1,'2026-06-22 06:04:01','2026-07-06 15:07:29'),(53,'FAZER',NULL,1,'2026-06-22 06:04:01','2026-07-06 15:07:29'),(54,'PATHOS',NULL,1,'2026-06-22 06:04:01','2026-07-06 15:07:29'),(55,'WALKERS',NULL,1,'2026-06-22 06:04:01','2026-07-06 15:07:29'),(56,'WARRIOR',NULL,1,'2026-06-22 06:04:01','2026-07-06 15:07:29'),(57,'MULLER',NULL,1,'2026-06-22 06:04:01','2026-07-06 15:07:29'),(58,'RITTER',NULL,1,'2026-06-22 06:04:01','2026-07-06 15:07:29'),(59,'WEETABIX',NULL,1,'2026-06-22 06:04:01','2026-07-06 15:07:29'),(60,'BAHLSEN',NULL,1,'2026-06-22 06:04:01','2026-07-06 15:07:29'),(61,'CAWSTON',NULL,1,'2026-06-22 06:04:01','2026-07-06 15:07:29'),(62,'DIABLO',NULL,1,'2026-06-22 06:04:01','2026-07-06 15:07:29'),(63,'VIDAL',NULL,1,'2026-06-22 06:04:01','2026-07-06 15:07:29'),(64,'DOLE',NULL,1,'2026-06-22 06:04:01','2026-07-06 15:07:29'),(65,'FUEL10K',NULL,1,'2026-06-22 06:04:01','2026-07-06 15:07:29'),(66,'TYPHOO',NULL,1,'2026-06-22 06:04:01','2026-07-06 15:07:29'),(67,'GLENGETTIE',NULL,1,'2026-06-22 06:04:02','2026-07-06 15:07:29'),(68,'HORLICKS',NULL,1,'2026-06-22 06:04:02','2026-07-06 15:07:29'),(69,'FINI',NULL,1,'2026-06-22 06:04:02','2026-07-06 15:07:29'),(70,'BOUNTY',NULL,1,'2026-06-22 06:04:02','2026-07-06 15:07:29'),(71,'FREEZ',NULL,1,'2026-06-22 06:04:02','2026-07-06 15:07:29'),(72,'SCORE',NULL,1,'2026-06-22 06:04:02','2026-07-06 15:07:29'),(73,'ELIZABETH',NULL,1,'2026-06-22 06:04:02','2026-07-06 15:07:29'),(74,'TASSIMO',NULL,1,'2026-06-22 06:04:02','2026-07-06 15:07:29'),(75,'BENS ORIGINAL',NULL,1,'2026-06-22 06:04:02','2026-07-06 15:07:29'),(76,'ROLO',NULL,1,'2026-06-22 06:04:02','2026-07-06 15:07:29'),(77,'MCDOUGALL',NULL,1,'2026-06-22 06:04:02','2026-07-06 15:07:29'),(78,'CAWOODS',NULL,1,'2026-06-22 06:04:02','2026-07-06 15:07:29'),(79,'WOW HYDRATE',NULL,1,'2026-06-22 06:04:02','2026-07-06 15:07:29'),(80,'PRIME',NULL,1,'2026-06-22 06:04:02','2026-07-06 15:07:29'),(81,'YUBI',NULL,1,'2026-06-22 06:04:02','2026-07-06 15:07:29'),(82,'KIDSMANIA',NULL,1,'2026-06-22 06:04:02','2026-07-06 15:07:29'),(83,'BAILEYS',NULL,1,'2026-06-22 06:04:02','2026-07-06 15:07:29'),(84,'QUALITY STREET',NULL,1,'2026-06-22 06:04:02','2026-07-06 15:07:29'),(85,'CATHEDRAL',NULL,1,'2026-06-22 06:04:02','2026-07-06 15:07:29'),(86,'CHEERY CHEWS',NULL,1,'2026-06-22 06:04:02','2026-07-06 15:07:29'),(87,'SKIPS',NULL,1,'2026-06-22 06:04:02','2026-07-06 15:07:29'),(88,'REESES',NULL,1,'2026-06-22 06:04:02','2026-07-06 15:07:29'),(89,'HELL',NULL,1,'2026-06-22 06:04:02','2026-07-06 15:07:29'),(90,'MEGA BRAIN',NULL,1,'2026-06-22 06:04:02','2026-07-06 15:07:29'),(91,'MILLIONS',NULL,1,'2026-06-22 06:04:02','2026-07-06 15:07:29'),(92,'BAREBELLS',NULL,1,'2026-06-22 06:04:02','2026-07-06 15:07:29'),(93,'FELIX',NULL,1,'2026-06-22 06:04:02','2026-07-06 15:07:29'),(94,'VITA',NULL,1,'2026-06-22 06:04:02','2026-07-06 15:07:29'),(95,'SEABROOK',NULL,1,'2026-06-22 06:04:02','2026-07-06 15:07:29'),(96,'HUEL',NULL,1,'2026-06-22 06:04:02','2026-07-06 15:07:29'),(97,'CELTIC',NULL,1,'2026-06-22 06:04:02','2026-07-06 15:07:29'),(98,'MILO',NULL,1,'2026-06-22 06:04:02','2026-07-06 15:07:29'),(99,'P',NULL,1,'2026-06-22 06:04:02','2026-07-06 15:07:29'),(100,'BEECHS',NULL,1,'2026-06-22 06:04:02','2026-07-06 15:07:29'),(101,'MILKA',NULL,1,'2026-06-22 06:04:02','2026-07-06 15:07:29'),(102,'MCVITIES CAKES',NULL,1,'2026-06-22 06:04:02','2026-07-06 15:07:29'),(103,'TATE & LYLE',NULL,1,'2026-06-22 06:04:02','2026-07-06 15:07:29'),(104,'LORENZ',NULL,1,'2026-06-22 06:04:02','2026-07-06 15:07:29'),(105,'AQUAFRESH',NULL,1,'2026-06-22 06:04:02','2026-07-06 15:07:29'),(106,'MORNFLAKE',NULL,1,'2026-06-22 06:04:02','2026-07-06 15:07:29'),(107,'PASTRI SHOP',NULL,1,'2026-06-22 06:04:02','2026-07-06 15:07:29'),(108,'TROPICAL',NULL,1,'2026-06-22 06:04:02','2026-07-06 15:07:29'),(109,'BOB SNAIL',NULL,1,'2026-06-22 06:04:02','2026-07-06 15:07:29'),(110,'CLEAN UPS',NULL,1,'2026-06-22 06:04:02','2026-07-06 15:07:29'),(111,'TENZING',NULL,1,'2026-06-22 06:04:02','2026-07-06 15:07:29'),(112,'CROWN',NULL,1,'2026-06-22 06:04:02','2026-07-06 15:07:29'),(113,'DYLON',NULL,1,'2026-06-22 06:04:02','2026-07-06 15:07:29'),(114,'BUXTON',NULL,1,'2026-06-22 06:04:02','2026-07-06 15:07:29'),(115,'PERRIER',NULL,1,'2026-06-22 06:04:02','2026-07-06 15:07:29'),(116,'SARSONS',NULL,1,'2026-06-22 06:04:02','2026-07-06 15:07:29'),(117,'FREEDOM',NULL,1,'2026-06-22 06:04:02','2026-07-06 15:07:29'),(118,'KULANA',NULL,1,'2026-06-22 06:04:02','2026-07-06 15:07:29'),(119,'KETTLE',NULL,1,'2026-06-22 06:04:02','2026-07-06 15:07:29'),(120,'TROPICANA',NULL,1,'2026-06-22 06:04:02','2026-07-06 15:07:29'),(121,'POT NOODLES',NULL,1,'2026-06-22 06:04:02','2026-07-06 15:07:29'),(122,'MUNCHKINGS',NULL,1,'2026-06-22 06:04:02','2026-07-06 15:07:29'),(123,'LEVI ROOTS',NULL,1,'2026-06-22 06:04:02','2026-07-06 15:07:29'),(124,'Sweetzone',NULL,1,'2026-06-22 06:04:02','2026-07-06 15:07:29'),(125,'RIVA FOOD',NULL,1,'2026-06-22 06:04:02','2026-07-06 15:07:29'),(126,'EASY',NULL,1,'2026-06-22 06:04:02','2026-07-06 15:07:29'),(127,'YAZOO',NULL,1,'2026-06-22 06:04:02','2026-07-06 15:07:29'),(128,'TAKIS',NULL,1,'2026-06-22 06:04:02','2026-07-06 15:07:29'),(129,'PIPERS',NULL,1,'2026-06-22 06:04:02','2026-07-06 15:07:29'),(130,'C4 ENERGY',NULL,1,'2026-06-22 06:04:02','2026-07-06 15:07:29'),(131,'PHD',NULL,1,'2026-06-22 06:04:02','2026-07-06 15:07:29'),(132,'TIAMA',NULL,1,'2026-06-22 06:04:02','2026-07-06 15:07:29'),(133,'BAKEHOUSE',NULL,1,'2026-06-22 06:04:02','2026-07-06 15:07:29'),(134,'DR JOHNSON',NULL,1,'2026-06-22 06:04:02','2026-07-06 15:07:29'),(135,'UFIT',NULL,1,'2026-06-22 06:04:02','2026-07-06 15:07:29'),(136,'GOLDENFRY',NULL,1,'2026-06-22 06:04:02','2026-07-06 15:07:29'),(137,'POPHOUSE',NULL,1,'2026-06-22 06:04:02','2026-07-06 15:07:29'),(138,'DASH',NULL,1,'2026-06-22 06:04:02','2026-07-06 15:07:29'),(139,'GNAW',NULL,1,'2026-06-22 06:04:02','2026-07-06 15:07:29'),(140,'MARETTI',NULL,1,'2026-06-22 06:04:02','2026-07-06 15:07:29'),(141,'ULTREX',NULL,1,'2026-06-22 06:04:02','2026-07-06 15:07:29'),(142,'FERRERO ROCHER',NULL,1,'2026-06-22 06:04:02','2026-07-06 15:07:29'),(143,'NESQUIK',NULL,1,'2026-06-22 06:04:02','2026-07-06 15:07:29'),(144,'NATURE\'S BOUNTY',NULL,1,'2026-06-22 06:04:02','2026-07-06 15:07:29'),(145,'GREENSHIELD',NULL,1,'2026-06-22 06:04:02','2026-07-06 15:07:29'),(146,'MOO FREE',NULL,1,'2026-06-22 06:04:02','2026-07-06 15:07:29'),(147,'COMFORT',NULL,1,'2026-06-22 06:04:02','2026-07-06 15:07:29'),(148,'ARIZONA',NULL,1,'2026-06-22 06:04:02','2026-07-06 15:07:29'),(149,'STUTE',NULL,1,'2026-06-22 06:04:02','2026-07-06 15:07:29'),(150,'Nakd',NULL,1,'2026-06-22 06:04:02','2026-07-06 15:07:29'),(151,'YORKSHIRE TEA',NULL,1,'2026-06-22 06:04:02','2026-07-06 15:07:29'),(152,'LEES',NULL,1,'2026-06-22 06:04:02','2026-07-06 15:07:29'),(153,'CLEAN & CLEAR',NULL,1,'2026-06-22 06:04:02','2026-07-06 15:07:29'),(154,'BIP',NULL,1,'2026-06-22 06:04:02','2026-07-06 15:07:29'),(155,'LYLES',NULL,1,'2026-06-22 06:04:02','2026-07-06 15:07:29'),(156,'PIP & NUT',NULL,1,'2026-06-22 06:04:02','2026-07-06 15:07:29'),(157,'Feedwell',NULL,1,'2026-06-22 06:04:02','2026-07-06 15:07:29');
/*!40000 ALTER TABLE `brands` ENABLE KEYS */;
UNLOCK TABLES;

--
-- Table structure for table `categories`
--

DROP TABLE IF EXISTS `categories`;
/*!40101 SET @saved_cs_client     = @@character_set_client */;
/*!50503 SET character_set_client = utf8mb4 */;
CREATE TABLE `categories` (
  `id` int NOT NULL AUTO_INCREMENT,
  `category_name` varchar(255) NOT NULL,
  `parent_id` int DEFAULT NULL,
  `status` tinyint DEFAULT '1',
  `created_at` timestamp NULL DEFAULT CURRENT_TIMESTAMP,
  `updated_at` timestamp NULL DEFAULT CURRENT_TIMESTAMP ON UPDATE CURRENT_TIMESTAMP,
  PRIMARY KEY (`id`)
) ENGINE=InnoDB AUTO_INCREMENT=14 DEFAULT CHARSET=utf8mb4 COLLATE=utf8mb4_unicode_ci;
/*!40101 SET character_set_client = @saved_cs_client */;

--
-- Dumping data for table `categories`
--

LOCK TABLES `categories` WRITE;
/*!40000 ALTER TABLE `categories` DISABLE KEYS */;
INSERT INTO `categories` VALUES (1,'Chocolates',NULL,1,'2026-07-01 10:05:40','2026-07-06 15:07:29'),(2,'Groceries',NULL,1,'2026-07-01 10:05:40','2026-07-06 15:07:29'),(3,'Confectionery',NULL,1,'2026-07-01 10:05:40','2026-07-06 15:07:29'),(4,'Crisps & Snacks',NULL,1,'2026-07-01 10:05:40','2026-07-06 15:07:29'),(5,'Cold and Hot Beverages',NULL,1,'2026-07-01 10:05:40','2026-07-06 15:07:29'),(6,'Biscuits',NULL,1,'2026-07-01 10:05:40','2026-07-06 15:07:29'),(7,'Seasonal',NULL,1,'2026-07-01 10:05:40','2026-07-06 15:07:29'),(8,'Chilled Items',NULL,1,'2026-07-01 10:05:40','2026-07-06 15:07:29'),(9,'Frozen',NULL,1,'2026-07-01 10:05:40','2026-07-06 15:07:29'),(10,'Baby and Kids',NULL,1,'2026-07-01 10:05:40','2026-07-06 15:07:29'),(11,'Health and Personal Care',NULL,1,'2026-07-01 10:05:40','2026-07-06 15:07:29'),(12,'Pet Care and Food',NULL,1,'2026-07-01 10:05:40','2026-07-06 15:07:29'),(13,'Cleaning & Households',NULL,1,'2026-07-01 10:05:40','2026-07-06 15:07:29');
/*!40000 ALTER TABLE `categories` ENABLE KEYS */;
UNLOCK TABLES;

--
-- Table structure for table `category_mappings`
--

DROP TABLE IF EXISTS `category_mappings`;
/*!40101 SET @saved_cs_client     = @@character_set_client */;
/*!50503 SET character_set_client = utf8mb4 */;
CREATE TABLE `category_mappings` (
  `id` int NOT NULL AUTO_INCREMENT,
  `group_desc` varchar(255) NOT NULL,
  `category_id` int NOT NULL,
  `brand_id` int NOT NULL,
  `created_at` timestamp NULL DEFAULT CURRENT_TIMESTAMP,
  `updated_at` timestamp NULL DEFAULT CURRENT_TIMESTAMP ON UPDATE CURRENT_TIMESTAMP,
  PRIMARY KEY (`id`),
  KEY `category_id` (`category_id`),
  KEY `brand_id` (`brand_id`),
  CONSTRAINT `category_mappings_ibfk_1` FOREIGN KEY (`category_id`) REFERENCES `categories` (`id`),
  CONSTRAINT `category_mappings_ibfk_2` FOREIGN KEY (`brand_id`) REFERENCES `brands` (`id`)
) ENGINE=InnoDB DEFAULT CHARSET=utf8mb4 COLLATE=utf8mb4_unicode_ci;
/*!40101 SET character_set_client = @saved_cs_client */;

--
-- Dumping data for table `category_mappings`
--

LOCK TABLES `category_mappings` WRITE;
/*!40000 ALTER TABLE `category_mappings` DISABLE KEYS */;
/*!40000 ALTER TABLE `category_mappings` ENABLE KEYS */;
UNLOCK TABLES;

--
-- Table structure for table `customer_accounts`
--

DROP TABLE IF EXISTS `customer_accounts`;
/*!40101 SET @saved_cs_client     = @@character_set_client */;
/*!50503 SET character_set_client = utf8mb4 */;
CREATE TABLE `customer_accounts` (
  `id` int NOT NULL AUTO_INCREMENT,
  `user_id` int NOT NULL,
  `company_name` varchar(255) DEFAULT NULL,
  `vat_number` varchar(100) DEFAULT NULL,
  `phone` varchar(50) DEFAULT NULL,
  `credit_limit` decimal(10,2) DEFAULT '0.00',
  PRIMARY KEY (`id`),
  KEY `user_id` (`user_id`),
  CONSTRAINT `customer_accounts_ibfk_1` FOREIGN KEY (`user_id`) REFERENCES `users` (`id`)
) ENGINE=InnoDB DEFAULT CHARSET=utf8mb4 COLLATE=utf8mb4_unicode_ci;
/*!40101 SET character_set_client = @saved_cs_client */;

--
-- Dumping data for table `customer_accounts`
--

LOCK TABLES `customer_accounts` WRITE;
/*!40000 ALTER TABLE `customer_accounts` DISABLE KEYS */;
/*!40000 ALTER TABLE `customer_accounts` ENABLE KEYS */;
UNLOCK TABLES;

--
-- Table structure for table `erp_import_logs`
--

DROP TABLE IF EXISTS `erp_import_logs`;
/*!40101 SET @saved_cs_client     = @@character_set_client */;
/*!50503 SET character_set_client = utf8mb4 */;
CREATE TABLE `erp_import_logs` (
  `id` int NOT NULL AUTO_INCREMENT,
  `file_name` varchar(255) DEFAULT NULL,
  `total_records` int DEFAULT '0',
  `inserted_records` int DEFAULT '0',
  `updated_records` int DEFAULT '0',
  `failed_records` int DEFAULT '0',
  `remarks` text,
  `created_at` timestamp NULL DEFAULT CURRENT_TIMESTAMP,
  PRIMARY KEY (`id`)
) ENGINE=InnoDB DEFAULT CHARSET=utf8mb4 COLLATE=utf8mb4_unicode_ci;
/*!40101 SET character_set_client = @saved_cs_client */;

--
-- Dumping data for table `erp_import_logs`
--

LOCK TABLES `erp_import_logs` WRITE;
/*!40000 ALTER TABLE `erp_import_logs` DISABLE KEYS */;
/*!40000 ALTER TABLE `erp_import_logs` ENABLE KEYS */;
UNLOCK TABLES;

--
-- Table structure for table `erp_products_raw`
--

DROP TABLE IF EXISTS `erp_products_raw`;
/*!40101 SET @saved_cs_client     = @@character_set_client */;
/*!50503 SET character_set_client = utf8mb4 */;
CREATE TABLE `erp_products_raw` (
  `id` int NOT NULL AUTO_INCREMENT,
  `supplier_index` varchar(50) DEFAULT NULL,
  `reference` varchar(100) DEFAULT NULL,
  `description` varchar(500) DEFAULT NULL,
  `group_desc` varchar(255) DEFAULT NULL,
  `cost` decimal(12,2) DEFAULT NULL,
  `price` decimal(12,2) DEFAULT NULL,
  `imported_at` timestamp NULL DEFAULT CURRENT_TIMESTAMP,
  PRIMARY KEY (`id`)
) ENGINE=InnoDB AUTO_INCREMENT=6 DEFAULT CHARSET=utf8mb4 COLLATE=utf8mb4_unicode_ci;
/*!40101 SET character_set_client = @saved_cs_client */;

--
-- Dumping data for table `erp_products_raw`
--

LOCK TABLES `erp_products_raw` WRITE;
/*!40000 ALTER TABLE `erp_products_raw` DISABLE KEYS */;
INSERT INTO `erp_products_raw` VALUES (1,'2','FRO001','Young\'s Fish Fingers','FRO11YOU107',3.50,4.99,'2026-06-22 09:05:12'),(2,'1','CHO001','Cadbury Dairy Milk','CHO01CAD001',1.25,1.99,'2026-06-22 09:05:12'),(3,'3','BIS001','McVitie\'s Digestives','BIS01MCV001',1.80,2.99,'2026-06-22 09:05:12'),(4,'4','HOT001','Nestle Coffee Mix','HOT01NES001',2.50,3.99,'2026-06-22 09:05:12'),(5,'5','SOF001','Coca Cola Original','SOF01COC001',5.50,7.99,'2026-06-22 09:05:12');
/*!40000 ALTER TABLE `erp_products_raw` ENABLE KEYS */;
UNLOCK TABLES;

--
-- Table structure for table `migrations`
--

DROP TABLE IF EXISTS `migrations`;
/*!40101 SET @saved_cs_client     = @@character_set_client */;
/*!50503 SET character_set_client = utf8mb4 */;
CREATE TABLE `migrations` (
  `id` int unsigned NOT NULL AUTO_INCREMENT,
  `migration` varchar(255) CHARACTER SET utf8mb4 COLLATE utf8mb4_unicode_ci NOT NULL,
  `batch` int NOT NULL,
  PRIMARY KEY (`id`)
) ENGINE=InnoDB AUTO_INCREMENT=9 DEFAULT CHARSET=utf8mb4 COLLATE=utf8mb4_unicode_ci;
/*!40101 SET character_set_client = @saved_cs_client */;

--
-- Dumping data for table `migrations`
--

LOCK TABLES `migrations` WRITE;
/*!40000 ALTER TABLE `migrations` DISABLE KEYS */;
INSERT INTO `migrations` VALUES (1,'2014_10_12_000000_create_users_table',1),(2,'2014_10_12_100000_create_password_reset_tokens_table',1),(3,'2019_08_19_000000_create_failed_jobs_table',1),(4,'2019_12_14_000000_create_personal_access_tokens_table',1),(5,'2014_10_12_100000_create_password_resets_table',2),(7,'2019_12_14_000001_create_personal_access_tokens_table',3),(8,'2026_06_24_033715_add_bbd_to_products_table',4);
/*!40000 ALTER TABLE `migrations` ENABLE KEYS */;
UNLOCK TABLES;

--
-- Table structure for table `order_items`
--

DROP TABLE IF EXISTS `order_items`;
/*!40101 SET @saved_cs_client     = @@character_set_client */;
/*!50503 SET character_set_client = utf8mb4 */;
CREATE TABLE `order_items` (
  `id` int NOT NULL AUTO_INCREMENT,
  `order_id` int NOT NULL,
  `product_id` int NOT NULL,
  `quantity` int NOT NULL,
  `unit_price` decimal(10,2) NOT NULL,
  PRIMARY KEY (`id`),
  KEY `order_id` (`order_id`),
  KEY `product_id` (`product_id`),
  CONSTRAINT `order_items_ibfk_1` FOREIGN KEY (`order_id`) REFERENCES `orders` (`id`),
  CONSTRAINT `order_items_ibfk_2` FOREIGN KEY (`product_id`) REFERENCES `products` (`id`)
) ENGINE=InnoDB DEFAULT CHARSET=utf8mb4 COLLATE=utf8mb4_unicode_ci;
/*!40101 SET character_set_client = @saved_cs_client */;

--
-- Dumping data for table `order_items`
--

LOCK TABLES `order_items` WRITE;
/*!40000 ALTER TABLE `order_items` DISABLE KEYS */;
/*!40000 ALTER TABLE `order_items` ENABLE KEYS */;
UNLOCK TABLES;

--
-- Table structure for table `orders`
--

DROP TABLE IF EXISTS `orders`;
/*!40101 SET @saved_cs_client     = @@character_set_client */;
/*!50503 SET character_set_client = utf8mb4 */;
CREATE TABLE `orders` (
  `id` int NOT NULL AUTO_INCREMENT,
  `user_id` int NOT NULL,
  `order_date` timestamp NULL DEFAULT CURRENT_TIMESTAMP,
  `total_amount` decimal(10,2) DEFAULT '0.00',
  `status` enum('pending','processing','completed','cancelled') DEFAULT 'pending',
  PRIMARY KEY (`id`),
  KEY `user_id` (`user_id`),
  CONSTRAINT `orders_ibfk_1` FOREIGN KEY (`user_id`) REFERENCES `users` (`id`)
) ENGINE=InnoDB DEFAULT CHARSET=utf8mb4 COLLATE=utf8mb4_unicode_ci;
/*!40101 SET character_set_client = @saved_cs_client */;

--
-- Dumping data for table `orders`
--

LOCK TABLES `orders` WRITE;
/*!40000 ALTER TABLE `orders` DISABLE KEYS */;
/*!40000 ALTER TABLE `orders` ENABLE KEYS */;
UNLOCK TABLES;

--
-- Table structure for table `password_resets`
--

DROP TABLE IF EXISTS `password_resets`;
/*!40101 SET @saved_cs_client     = @@character_set_client */;
/*!50503 SET character_set_client = utf8mb4 */;
CREATE TABLE `password_resets` (
  `email` varchar(255) CHARACTER SET utf8mb4 COLLATE utf8mb4_unicode_ci NOT NULL,
  `token` varchar(255) CHARACTER SET utf8mb4 COLLATE utf8mb4_unicode_ci NOT NULL,
  `created_at` timestamp NULL DEFAULT NULL,
  PRIMARY KEY (`email`)
) ENGINE=InnoDB DEFAULT CHARSET=utf8mb4 COLLATE=utf8mb4_unicode_ci;
/*!40101 SET character_set_client = @saved_cs_client */;

--
-- Dumping data for table `password_resets`
--

LOCK TABLES `password_resets` WRITE;
/*!40000 ALTER TABLE `password_resets` DISABLE KEYS */;
/*!40000 ALTER TABLE `password_resets` ENABLE KEYS */;
UNLOCK TABLES;

--
-- Table structure for table `personal_access_tokens`
--

DROP TABLE IF EXISTS `personal_access_tokens`;
/*!40101 SET @saved_cs_client     = @@character_set_client */;
/*!50503 SET character_set_client = utf8mb4 */;
CREATE TABLE `personal_access_tokens` (
  `id` bigint unsigned NOT NULL AUTO_INCREMENT,
  `tokenable_type` varchar(255) CHARACTER SET utf8mb4 COLLATE utf8mb4_unicode_ci NOT NULL,
  `tokenable_id` bigint unsigned NOT NULL,
  `name` varchar(255) CHARACTER SET utf8mb4 COLLATE utf8mb4_unicode_ci NOT NULL,
  `token` varchar(64) CHARACTER SET utf8mb4 COLLATE utf8mb4_unicode_ci NOT NULL,
  `abilities` text CHARACTER SET utf8mb4 COLLATE utf8mb4_unicode_ci,
  `last_used_at` timestamp NULL DEFAULT NULL,
  `expires_at` timestamp NULL DEFAULT NULL,
  `created_at` timestamp NULL DEFAULT NULL,
  `updated_at` timestamp NULL DEFAULT NULL,
  PRIMARY KEY (`id`),
  UNIQUE KEY `personal_access_tokens_token_unique` (`token`),
  KEY `personal_access_tokens_tokenable_type_tokenable_id_index` (`tokenable_type`,`tokenable_id`)
) ENGINE=InnoDB DEFAULT CHARSET=utf8mb4 COLLATE=utf8mb4_unicode_ci;
/*!40101 SET character_set_client = @saved_cs_client */;

--
-- Dumping data for table `personal_access_tokens`
--

LOCK TABLES `personal_access_tokens` WRITE;
/*!40000 ALTER TABLE `personal_access_tokens` DISABLE KEYS */;
/*!40000 ALTER TABLE `personal_access_tokens` ENABLE KEYS */;
UNLOCK TABLES;

--
-- Table structure for table `product_images`
--

DROP TABLE IF EXISTS `product_images`;
/*!40101 SET @saved_cs_client     = @@character_set_client */;
/*!50503 SET character_set_client = utf8mb4 */;
CREATE TABLE `product_images` (
  `id` int NOT NULL AUTO_INCREMENT,
  `product_id` int NOT NULL,
  `image_name` varchar(255) DEFAULT NULL,
  `is_primary` tinyint DEFAULT '0',
  `created_at` timestamp NULL DEFAULT CURRENT_TIMESTAMP,
  PRIMARY KEY (`id`),
  KEY `product_id` (`product_id`),
  CONSTRAINT `product_images_ibfk_1` FOREIGN KEY (`product_id`) REFERENCES `products` (`id`)
) ENGINE=InnoDB DEFAULT CHARSET=utf8mb4 COLLATE=utf8mb4_unicode_ci;
/*!40101 SET character_set_client = @saved_cs_client */;

--
-- Dumping data for table `product_images`
--

LOCK TABLES `product_images` WRITE;
/*!40000 ALTER TABLE `product_images` DISABLE KEYS */;
/*!40000 ALTER TABLE `product_images` ENABLE KEYS */;
UNLOCK TABLES;

--
-- Table structure for table `products`
--

DROP TABLE IF EXISTS `products`;
/*!40101 SET @saved_cs_client     = @@character_set_client */;
/*!50503 SET character_set_client = utf8mb4 */;
CREATE TABLE `products` (
  `id` int NOT NULL AUTO_INCREMENT,
  `supplier_id` int DEFAULT NULL,
  `category_id` int DEFAULT NULL,
  `sub_category_id` int DEFAULT NULL,
  `brand_id` int DEFAULT NULL,
  `reference` varchar(100) DEFAULT NULL,
  `description` varchar(500) DEFAULT NULL,
  `units_of` varchar(50) DEFAULT NULL,
  `inner_case_quantity` int DEFAULT NULL,
  `outer_case_quantity` int DEFAULT NULL,
  `qty_desc` varchar(255) DEFAULT NULL,
  `barcode_ean` varchar(100) DEFAULT NULL,
  `barcode_case` varchar(100) DEFAULT NULL,
  `group_desc` varchar(255) DEFAULT NULL,
  `vat_code` varchar(50) DEFAULT NULL,
  `layer_quantity` int DEFAULT NULL,
  `pallet_quantity` int DEFAULT NULL,
  `cost` decimal(12,2) DEFAULT NULL,
  `cost_from_date` date DEFAULT NULL,
  `cost_to_date` date DEFAULT NULL,
  `weight` decimal(12,3) DEFAULT NULL,
  `volume` decimal(12,3) DEFAULT NULL,
  `shelf_life` int DEFAULT NULL,
  `bbd` varchar(100) DEFAULT NULL,
  `price_list` varchar(100) DEFAULT NULL,
  `price` decimal(12,2) DEFAULT NULL,
  `from_date` date DEFAULT NULL,
  `to_date` date DEFAULT NULL,
  `comm_code` varchar(100) DEFAULT NULL,
  `intra_country` varchar(100) DEFAULT NULL,
  `intra_type` varchar(100) DEFAULT NULL,
  `web_short_description` text,
  `web_long_description` longtext,
  `web_image` varchar(255) DEFAULT NULL,
  `live_for_web` tinyint DEFAULT '1',
  `encore_image` varchar(255) DEFAULT NULL,
  `obsolete` varchar(100) DEFAULT NULL,
  `created_at` timestamp NULL DEFAULT CURRENT_TIMESTAMP,
  `updated_at` timestamp NULL DEFAULT CURRENT_TIMESTAMP ON UPDATE CURRENT_TIMESTAMP,
  `supplier_reference` varchar(100) DEFAULT NULL,
  `storage_type` enum('Ambient','Frozen','Chilled') DEFAULT 'Ambient',
  PRIMARY KEY (`id`),
  UNIQUE KEY `reference` (`reference`),
  KEY `supplier_id` (`supplier_id`),
  KEY `category_id` (`category_id`),
  KEY `brand_id` (`brand_id`),
  CONSTRAINT `products_ibfk_1` FOREIGN KEY (`supplier_id`) REFERENCES `suppliers` (`id`),
  CONSTRAINT `products_ibfk_2` FOREIGN KEY (`category_id`) REFERENCES `categories` (`id`),
  CONSTRAINT `products_ibfk_3` FOREIGN KEY (`brand_id`) REFERENCES `brands` (`id`)
) ENGINE=InnoDB AUTO_INCREMENT=158 DEFAULT CHARSET=utf8mb4 COLLATE=utf8mb4_unicode_ci;
/*!40101 SET character_set_client = @saved_cs_client */;

--
-- Dumping data for table `products`
--

LOCK TABLES `products` WRITE;
/*!40000 ALTER TABLE `products` DISABLE KEYS */;
INSERT INTO `products` VALUES (1,NULL,9,1,2,'467357','Young\'s Cooked & Peeled Prawns £4.50','12',12,12,'Case','5000205049793','5000205557205','FRO11YOU107 YOUNG\'S','Z',15,165,9.99,'2024-07-02','9999-12-31',0.200,0.003,210,'2026-01-29','STD',10.99,'2024-07-01','9999-12-31','2089030','United Kingdom','G','Young\'s Cooked & Peeled Prawns £4.50','Young\'s Cooked & Peeled Prawns £4.50','5000205049793.png',1,'5000205049793.jpg',NULL,'2026-07-01 04:44:13','2026-07-06 15:07:29','3799','Frozen'),(2,NULL,5,2,6,'466703','Nescafe Azera Americano 500G','1',1,1,'Case','7613035302884','7613035302891','HOT10NES100 NESCAFE','A',16,128,9.99,'2026-06-05','2026-08-16',0.500,0.018,210,'2026-12-30','STD',10.99,'2026-06-08','2026-07-26','21069098','United Kingdom','G','Nescafe Azera Americano 500G','Nescafe Azera Americano 500G','7613035302884.png',1,'7613035302884.jpg',NULL,'2026-07-01 04:44:13','2026-07-06 15:07:29','122842213','Ambient'),(3,NULL,2,6,7,'466756','Mcvities Penguin & Friends Cocoa 5X20G','7',7,7,'Case','5000168003283','5000168002385','GRO10MCV100 MCVITIES','Z',17,102,9.99,'2026-05-18','2026-07-05',0.100,0.003,168,'2026-11-02','STD',10.99,'2026-05-18','2026-07-05','21069098','United Kingdom','G','Mcvities Penguin & Friends Cocoa 5X20G','Mcvities Penguin & Friends Cocoa 5X20G','5000168003283.png',1,'5000168003283.jpg',NULL,'2026-07-01 04:44:13','2026-07-06 15:07:29','45288','Ambient'),(4,NULL,2,6,8,'466770','Bisto Gravy Granules Beef Pm 2.99 190G','12',12,12,'Case','5000354924392','5000117933579','GRO10BIS100 BISTO','Z',14,168,9.99,'2026-05-18','2026-07-05',0.190,0.003,180,'2026-11-14','STD',10.99,'2026-05-18','2026-07-05','21069098','United Kingdom','G','Bisto Gravy Granules Beef Pm 2.99 190G','Bisto Gravy Granules Beef Pm 2.99 190G','5000354924392.png',1,'5000354924392.jpg',NULL,'2026-07-01 04:44:13','2026-07-06 15:07:29','1018091','Ambient'),(5,NULL,5,3,9,'466788','Red Bull Edition Blue June Berry PM 1.55 250ml','12',12,12,'Case','90456787','9002490271374','SOF10RED100 RED BULL','A',32,288,9.99,'2025-07-09','9999-12-31',0.250,0.003,180,'2026-01-21','STD',10.99,'2024-12-30','9999-12-31','22029919','United Kingdom','G','Red Bull Edition Blue June Berry PM 1.55 250ml','Red Bull Edition Blue June Berry PM 1.55 250ml','90456787.png',1,'90456787.jpg',NULL,'2026-07-01 04:44:13','2026-07-06 15:07:29','RB243826','Ambient'),(6,NULL,5,2,10,'466811','Tetley Decaf Pm 2.19 40S','6',6,6,'Case','5000208001507','5000208001514','HOT10TET100 TETLEY','Z',35,315,9.99,'2026-06-05','2026-08-16',0.750,0.015,180,'2026-11-30','STD',10.99,'2026-06-08','2026-07-26','21069098','United Kingdom','G','Tetley Decaf Pm 2.19 40S','Tetley Decaf Pm 2.19 40S','5000208001507.png',1,'5000208001507.jpg',NULL,'2026-07-01 04:44:13','2026-07-06 15:07:29','7847','Ambient'),(7,NULL,1,10,11,'468004','Lindt Creation Lemon,(317648)','14',14,14,'Case','3046920047302','3046920176484','CON11LIN100 LINDT & SPRUGALI','A',30,300,9.99,'2026-01-08','9999-12-31',0.150,0.003,210,'2026-08-06','STD',10.99,'2026-01-16','9999-12-31','18063210','France','G','Creation Lemon 317648','Creation Lemon 317648','3046920047302.png',1,'3046920047302.jpg',NULL,'2026-07-01 04:44:13','2026-07-06 15:07:29','1000121649','Ambient'),(8,NULL,2,9,12,'466780','Nando\'S Hot Peri-Peri Marinade 260G','6',6,6,'Case','6003770009000','16003770009007','CON10NAN100 NANDO\'S','Z',52,260,9.99,'2026-05-25','9999-12-31',0.260,0.003,180,'2026-09-26','STD',10.99,'2026-05-25','9999-12-31','2103909089','United Kingdom','G','Nando\'S Hot Peri-Peri Marinade 260G','Nando\'S Hot Peri-Peri Marinade 260G','6003770009000.png',1,'6003770009000.jpg',NULL,'2026-07-01 04:44:13','2026-07-06 15:07:29','TG063','Ambient'),(9,NULL,3,12,13,'466801','Candy Castle Crew Bubblegum Bottles PM 1.00 90g','18',18,18,'Case','5056192412270','5056192412287','CON12CAN100 CANDY','A',20,240,9.99,'2025-09-02','9999-12-31',0.090,0.003,180,'2026-03-01','STD',10.99,'2025-09-02','9999-12-31','1700000000','Turkey','G','Candy Castle Crew Bubblegum Bottles PM 1.00 90g','Candy Castle Crew Bubblegum Bottles PM 1.00 90g','5056192412270.png',1,'5056192412270.jpg',NULL,'2026-07-01 04:44:13','2026-07-06 15:07:29','ITP006','Ambient'),(10,NULL,4,14,14,'466836','Golden Wonder Ringos Cheese & Onion Pm 1.00 40G','18',18,18,'Case','5010052073193','5010052114193','CRI10GOL100 GOLDEN WONDER','A',10,60,9.99,'2026-06-05','2026-08-16',0.040,0.003,210,'2026-12-30','STD',10.99,'2026-06-05','2026-08-16','19059055','United Kingdom','G','Golden Wonder Ringos Cheese & Onion Pm 1.00 40G','Golden Wonder Ringos Cheese & Onion Pm 1.00 40G','5010052073193.png',1,'5010052073193.jpg',NULL,'2026-07-01 04:44:13','2026-07-06 15:07:29','7319','Ambient'),(11,NULL,3,12,15,'466851','Bazooka Chews Sour PM 1.00 120g','12',12,12,'Case','5011053026386','5011053026409','CON12BAZ100 BAZOOKA','A',6,24,9.99,'2024-10-15','9999-12-31',0.120,0.003,210,'2026-01-29','STD',10.99,'2024-07-10','9999-12-31','17049071','Turkey','G','Bazooka Chews Sour PM 1.00 120g','Bazooka Chews Sour PM 1.00 120g','5011053026386.png',1,'5011053026386.jpg',NULL,'2026-07-01 04:44:13','2026-07-06 15:07:29','Z70021','Ambient'),(12,NULL,2,9,16,'466867','Jack Daniels Bbq Sauce Original 553G','6',6,6,'Case','810020931822','810020931815','CON10JAC100 JACK DANIELS','A',29,174,9.99,'2025-11-29','9999-12-31',0.550,0.003,180,'2026-05-04','STD',10.99,'2025-11-29','9999-12-31','17049099','United Kingdom','G','Jack Daniels Bbq Sauce Original 553G','Jack Daniels Bbq Sauce Original 553G','810020931822.png',1,'810020931822.jpg',NULL,'2026-07-01 04:44:13','2026-07-06 15:07:29','NONE','Ambient'),(13,NULL,5,3,17,'468372','Fruit Shoot Nas Apple  275ml','12',12,12,'Case','50412730','5010102221567','SOF10FRU100 FRUIT SHOOT','A',26,182,9.99,'2025-11-29','9999-12-31',0.280,0.003,210,'2026-09-29','STD',10.99,'2025-11-29','9999-12-31','22021000','United Kingdom','G','Fruit Shoot Nas Apple  275ml','Fruit Shoot Nas Apple  275ml','50412730.png',1,'50412730.png',NULL,'2026-07-01 04:44:13','2026-07-06 15:07:29','201931','Ambient'),(14,NULL,5,3,18,'468377','Powerade Golden Mango 500Ml','12',12,12,'Case','5449000320988','5017726442934','SOF10POW100 POWERADE','A',24,144,9.99,'2026-06-08','2026-07-26',0.500,0.003,210,'2026-12-14','STD',10.99,'2026-06-08','2026-07-26','21069098','United Kingdom','G','Powerade Golden Mango 500Ml','Powerade Golden Mango 500Ml','5449000320988.png',1,'5449000320988.jpg',NULL,'2026-07-01 04:44:13','2026-07-06 15:07:29','642691','Ambient'),(15,NULL,5,3,19,'468379','Lucozade Alert Mango Peachade Pm 1.00 500Ml','12',12,12,'Case','5054267013810','5054267503809','SOF10LUC100 LUCOZADE','A',19,152,9.99,'2026-06-05','2026-08-16',0.500,0.003,210,'2026-12-30','STD',10.99,'2026-06-05','2026-08-16','21069098','United Kingdom','G','Lucozade Alert Mango Peachade Pm 1.00 500Ml','Lucozade Alert Mango Peachade Pm 1.00 500Ml','5054267503809.png',1,'5054267503809.jpg',NULL,'2026-07-01 04:44:13','2026-07-06 15:07:29','F97634','Ambient'),(16,NULL,2,6,20,'468421','Green s Sponge Cake Chocolate PM 1.99 221g','6',6,6,'Case','5056036508732','5056036508749','GRO10GRE104 GREEN\'S','Z',34,272,9.99,'2026-05-25','9999-12-31',0.221,0.003,210,'2026-04-16','STD',10.99,'2026-05-25','9999-12-31','20052020','United Kingdom','G','Green s Sponge Cake Chocolate PM 1.99 221g','Green s Sponge Cake Chocolate PM 1.99 221g','5056036508732.png',1,'5056036508732.jpg',NULL,'2026-07-01 04:44:13','2026-07-06 15:07:29','50615','Ambient'),(17,NULL,2,7,21,'468435','Rice Krispies Squares Cornflakes 30X31G 79P Pmp','30',30,30,'Case','5059321006852','5059321006869','CER10KEL100 KELLOGGS','A',27,486,9.99,'2026-05-18','2026-07-05',0.031,0.026,210,'2026-12-14','STD',10.99,'2026-05-18','2026-07-05','10063067','United Kingdom','G','Rice Krispies Squares Cornflakes 30X31G 79P Pmp','Rice Krispies Squares Cornflakes 30X31G 79P Pmp','5059321006852.png',1,'5059321006852.jpg',NULL,'2026-07-01 04:44:13','2026-07-06 15:07:29','7100686000','Ambient'),(18,NULL,3,12,22,'468442','Bebeto Fizzy Peach Hearts 150G','10',10,10,'Case','8690146174523','8690146175957','CON12BEB100 BEBETO','A',48,192,9.99,'2026-06-05','2026-08-16',0.150,0.015,210,'2026-12-30','STD',10.99,'2026-06-05','2026-08-16','17049000','Turkey','G','Bebeto Fizzy Peach Hearts 150G','Bebeto Fizzy Peach Hearts 150G','8690146174523.png',1,'8690146174523.jpg',NULL,'2026-07-01 04:44:13','2026-07-06 15:07:29','160214414','Ambient'),(19,NULL,2,6,23,'468445','Heinz By Nature 6+ Months Egg Custard Rice Jar 6 X 120G','4',4,4,'Case','5000157140159','5000157133533','GRO10HEI101 HEINZ','Z',13,195,9.99,'2026-05-18','2026-07-05',0.120,0.003,180,'2026-11-14','STD',10.99,'2026-05-18','2026-07-05','10063067','United Kingdom','G','Heinz By Nature 6+ Months Egg Custard Rice Jar 6 X 120G','Heinz By Nature 6+ Months Egg Custard Rice Jar 6 X 120G','5000157140159.png',1,'5000157140159.jpg',NULL,'2026-07-01 04:44:13','2026-07-06 15:07:29','76011270','Ambient'),(20,NULL,1,10,24,'468487','Snickers Creamy Peanut Nut Butter Chocolate Trio Bar 54.75G','32',32,32,'Case','5900951310546','5900951310553','CON11SNI100 SNICKERS','A',23,276,9.99,'2026-05-18','2026-07-05',0.050,0.003,210,'2026-12-14','STD',10.99,'2026-05-18','2026-07-05','18069019','Poland','G','Snickers Creamy Peanut Nut Butter Chocolate Trio Bar 54.75G','Snickers Creamy Peanut Nut Butter Chocolate Trio Bar 54.75G','5900951310546.png',1,'5900951310546.jpg',NULL,'2026-07-01 04:44:13','2026-07-06 15:07:29','458875','Ambient'),(21,NULL,6,15,1,'468506','Cadbury 140G Brunch Pnut 8Ca','8',8,8,'Case','7622202219269','7622202219269','BIS10CAD100 CADBURY','A',40,360,9.99,'2025-09-26','9999-12-31',0.140,0.005,210,'2026-01-24','STD',10.99,'2025-09-26','9999-12-31','1806321','United Kingdom','G','CADBURY 140G BRUNCH PNUT 8CA','CADBURY 140G BRUNCH PNUT 8CA','7622202219269.png',1,'7622202219269.jpg',NULL,'2026-07-01 04:44:13','2026-07-06 15:07:29','4313341','Ambient'),(22,NULL,3,12,25,'468552','Chupa Chups Babol Apple 27g','20',20,20,'Case','80970019','8410031954494','CON12CHU100 CHUPA CHUP','A',24,300,9.99,'2026-04-27','2026-06-16',0.030,0.015,210,'2026-11-18','STD',10.99,'2026-04-27','2026-06-16','17041010','Turkey','G','Chupa Chups Babol Apple 27g','Chupa Chups Babol Apple 27g','80970019.png',1,'80970019.jpg',NULL,'2026-07-01 04:44:13','2026-07-06 15:07:29','10009879','Ambient'),(23,NULL,2,8,26,'468425','Hartleys Jam Raspberry Seedless Pm 1.99 300G','6',6,6,'Case','5016935000584','5016935000591','JAM10HAR102 HARTLEYS','Z',34,306,9.99,'2026-02-09','9999-12-31',0.300,0.003,210,'2026-07-20','STD',10.99,'2026-02-09','9999-12-31','20079935','United Kingdom','G','Hartleys Jam Raspberry Seedless Pm 1.99 300G','Hartleys Jam Raspberry Seedless Pm 1.99 300G','5016935000584.png',1,'5016935000584.jpg',NULL,'2026-07-01 04:44:13','2026-07-06 15:07:29','10003591','Ambient'),(24,NULL,2,6,27,'468428','John West Plant Power Harissa 145g','10',10,10,'Case','5000171061430','5000171074584','GRO10JOH101 JOHN WEST','Z',30,450,9.99,'2025-11-21','9999-12-31',0.150,0.003,210,'2026-06-19','STD',10.99,'2025-06-20','9999-12-31','16023230','Poland','G','John West Plant Power Harissa 145g','John West Plant Power Harissa 145g','5000171061430.png',1,'5000171061430.jpg',NULL,'2026-07-01 04:44:13','2026-07-06 15:07:29','300008326','Ambient'),(25,NULL,8,16,28,'468577','Starbucks Pet Chilled Cofee Skinny Latte 220Ml','8',8,8,'Case','5711953179648','15711953179294','CHI11STA100 STARBUCKS','Z',35,210,9.99,'2026-06-05','2026-08-16',0.230,0.015,210,'2026-12-30','STD',10.99,'2026-06-05','2026-08-16','22029915','Denmark','G','Starbucks Pet Chilled Cofee Skinny Latte 220Ml','Starbucks Pet Chilled Cofee Skinny Latte 220Ml','5711953179648.png',1,'5711953179648.jpg',NULL,'2026-07-01 04:44:13','2026-07-06 15:07:29','SBCCCLATNAS','Chilled'),(26,NULL,12,20,29,'468584','Sheba Classica In Terrine With Chicken 85G','22',22,22,'Case','4008429163906','4008429164224','PET10SHE100 SHEBA','A',25,350,9.99,'2026-06-05','2026-08-16',0.090,0.003,210,'2026-12-30','STD',10.99,'2026-06-08','2026-07-26','21069098','United Kingdom','G','Sheba Classica In Terrine With Chicken 85G','Sheba Classica In Terrine With Chicken 85G','4008429163906.png',1,'4008429163906.jpg',NULL,'2026-07-01 04:44:13','2026-07-06 15:07:29','460748','Ambient'),(27,NULL,1,11,30,'468596','Wafflemeister 90g Classic Liege Waffle','30',30,30,'Case','5060868700356','5060868700424','WAF10WAF100 Wafflemeister','A',10,140,9.99,'2024-07-22','9999-12-31',0.090,0.003,210,'2026-01-29','STD',10.99,'2024-07-22','9999-12-31','19053299','United Kingdom','G','Wafflemeister 90g Classic Liege Waffle','Wafflemeister 90g Classic Liege Waffle','5060868700356.png',1,'5060868700356.jpg',NULL,'2026-07-01 04:44:13','2026-07-06 15:07:29','WFMCL90X30','Ambient'),(28,NULL,3,12,31,'468645','Free From Fellows Cola Bottles 100G','10',10,10,'Case','5060308360157','5060308360188','CON12FRE100 FELLOWS','A',30,180,9.99,'2026-05-16','9999-12-31',0.100,0.018,210,'2026-11-26','STD',10.99,'2026-05-16','9999-12-31','17049000','Belgium','G','Free From Fellows Cola Bottles 100G','Free From Fellows Cola Bottles 100G','5060308360157.png',1,'5060308360157.jpg',NULL,'2026-07-01 04:44:13','2026-07-06 15:07:29','FFF001','Ambient'),(29,NULL,5,3,32,'468656','Galaxy Chocolate Milkshake 250Ml','12',12,12,'Case','5056357909423','5056357909416','SOF10GAL100 GALAXY','Z',31,248,9.99,'2026-04-27','2026-06-16',0.250,0.015,210,'2026-11-18','STD',10.99,'2026-04-27','2026-06-16','22029991','United Kingdom','G','Galaxy Chocolate Milkshake 250Ml','Galaxy Chocolate Milkshake 250Ml','5056357909423.png',1,'5056357909423.jpg',NULL,'2026-07-01 04:44:13','2026-07-06 15:07:29','DG57L','Ambient'),(30,NULL,3,12,33,'468671','Haribo Happy Cola 160g','12',12,12,'Case','5012035962173','5012035962500','CON12HAR100 HARIBO','A',25,200,9.99,'2026-04-27','2026-06-16',0.160,0.019,210,'2026-11-18','STD',10.99,'2026-04-27','2026-06-16','1704906500','United Kingdom','G','Haribo Happy Cola 160g','Haribo Happy Cola 160g','5012035962173.png',1,'5012035962173.jpg',NULL,'2026-07-01 04:44:13','2026-07-06 15:07:29','105800','Ambient'),(31,NULL,2,6,34,'468682','Jack Links Biltong 20g','12',12,12,'Case','4251097420332','4251097420288','GRO10JAC100 JACK','Z',36,180,9.99,'2026-06-08','2026-07-26',0.020,0.015,210,'2026-12-14','STD',10.99,'2026-06-08','2026-07-26','17049000','Germany','G','Jack Links Biltong 20G','Jack Links Biltong 20G','4251097420332.png',1,'4251097420332.jpg',NULL,'2026-07-01 04:44:13','2026-07-06 15:07:29','10000041765','Ambient'),(32,NULL,1,10,35,'468695','Knoppers Nut Bar 40G','24',24,24,'Case','40144450','4014400471618','CON11KNO100 KNOPPERS','A',39,390,9.99,'2025-10-20','9999-12-31',0.040,0.000,210,'2026-03-04','STD',10.99,'2025-10-13','9999-12-31','1905321100','Germany','G','Knoppers Nut Bar 40G','Knoppers Nut Bar 40G','40144450.png',1,'40144450.jpg',NULL,'2026-07-01 04:44:13','2026-07-06 15:07:29','938135','Ambient'),(33,NULL,4,14,36,'468728','Proper Chickpea Chips Ghost Chilli & Yuzu 85G','8',8,8,'Case','5060283762946','15060283762943','CRI10PRO101 PROPER','Z',12,72,9.99,'2026-05-16','9999-12-31',0.090,0.015,210,'2026-11-26','STD',10.99,'2026-05-16','9999-12-31','19059045','United Kingdom','G','Proper Chickpea Chips Ghost Chilli & Yuzu 85G','Proper Chickpea Chips Ghost Chilli & Yuzu 85G','5060283762946.png',1,'5060283762946.jpg',NULL,'2026-07-01 04:44:13','2026-07-06 15:07:29','6421231','Ambient'),(34,NULL,5,3,37,'468733','Rubicon Spring Spk Pink Grapefruit Blood Orange 500Ml','12',12,12,'Case','5000382122333','5000382122326','SOF10RUB100 RUBICON','A',6,168,9.99,'2026-06-08','2026-07-26',0.500,0.015,270,'2027-02-12','STD',10.99,'2026-06-08','2026-07-26','22042120','United Kingdom','G','Rubicon Spring Spk Pink Grapefruit Blood Orange 500Ml','Rubicon Spring Spk Pink Grapefruit Blood Orange 500Ml','5000382122333.png',1,'5000382122333.jpg',NULL,'2026-07-01 04:44:13','2026-07-06 15:07:29','3436108','Ambient'),(35,NULL,3,12,38,'468613','Beanies Bubble Gum 50g','6',6,6,'Case','5060169982468','5060169983397','CON12BEA100 BEANIES','A',39,546,9.99,'2025-06-11','9999-12-31',0.500,0.003,210,'2026-04-02','STD',10.99,'2025-06-11','9999-12-31','21011100','United Kingdom','G','Beanies Bubble Gum 50g','Beanies Bubble Gum 50g','5060169982468.png',1,'5060169982468.jpg',NULL,'2026-07-01 04:44:13','2026-07-06 15:07:29','NONE','Ambient'),(36,NULL,5,3,39,'468761','Jelly Belly Berry Blue Fruit Drink 330ml NRB','12',12,12,'Case','5060318661817','5060318661817','SOF10JEL100 JELLY BELLY','A',19,114,9.99,'2024-07-24','9999-12-31',0.330,0.003,210,'2026-01-29','STD',10.99,'2024-07-24','9999-12-31','22029995','United Kingdom','G','Jelly Belly Berry Blue Fruit Drink 330ml NRB','Jelly Belly Berry Blue Fruit Drink 330ml NRB','5060318661817.png',1,'5060318661817.jpg',NULL,'2026-07-01 04:44:13','2026-07-06 15:07:29','JBBBF330','Ambient'),(37,NULL,3,12,40,'468769','Chewits Blue Raspberry Juicy Bites Bag 115G','10',10,10,'Case','5060072652243','15060072652240','CON12CHE101 CHEWITS','A',16,128,9.99,'2026-05-16','9999-12-31',0.120,0.015,210,'2026-11-26','STD',10.99,'2026-05-16','9999-12-31','17049065','United Kingdom','G','Chewits Blue Raspberry Juicy Bites Bag 115G','Chewits Blue Raspberry Juicy Bites Bag 115G','5060072652243​.png',1,'5060072652243​.jpg',NULL,'2026-07-01 04:44:13','2026-07-06 15:07:29','1016898​','Ambient'),(38,NULL,3,12,41,'468782','Brain Blasterz Candy Spray 28ml','18',18,18,'Case','5026418050388','5026418150385','CON12BRA100 BRAIN BLASTERZ','A',120,480,9.99,'2025-05-22','9999-12-31',0.030,0.003,210,'2026-01-29','STD',10.99,'2025-05-22','9999-12-31','2106905990','United Kingdom','G','Brain Blasterz Candy Spray 28ml','Brain Blasterz Candy Spray 28ml','5026418050388.png',1,'5026418050388.jpg',NULL,'2026-07-01 04:44:13','2026-07-06 15:07:29','503800','Ambient'),(39,NULL,4,14,42,'468788','Force Protein Bar Birthday Cake 65g','12',12,12,'Case','5065011832120','5065011832137','CRI10FOR100 FORCE PROTEIN','A',72,504,9.99,'2025-05-22','9999-12-31',0.070,0.003,210,'2026-01-29','STD',10.99,'2024-12-30','9999-12-31','18063100','United Kingdom','G','Force Protein Bar Birthday Cake 65g','Force Protein Bar Birthday Cake 65g','5065011832120.png',1,'5065011832120.jpg',NULL,'2026-07-01 04:44:13','2026-07-06 15:07:29','FP6182/6','Ambient'),(40,NULL,5,3,43,'468822','Cacaolat Nas 200Ml','24',24,24,'Case','8412700120100','18412700120596','SOF10CAC100 CACAOLAT','Z',15,150,9.99,'2025-09-23','9999-12-31',0.200,0.003,210,'2025-09-23','STD',10.99,'2025-09-23','9999-12-31','401201100','United Kingdom','G','Cacaolat Nas 200Ml','Cacaolat Nas 200Ml','8412700120100.png',1,'8412700120100.jpg',NULL,'2026-07-01 04:44:13','2026-07-06 15:07:29','17784002','Ambient'),(41,NULL,2,6,44,'468833','Filippo Berio Arrabiata Pasta Sauce 340g','6',6,6,'Case','8002210133235','8002210133242','GRO10FIL101 FILIPPO BERIO','Z',45,315,9.99,'2026-06-05','2026-08-16',0.340,0.003,210,'2026-12-30','STD',10.99,'2026-06-05','2026-08-16','21039090','United Kingdom','G','Filippo Berio Arrabiata Pasta Sauce 340g','Filippo Berio Arrabiata Pasta Sauce 340g','8002210133235.png',1,'8002210133235.jpg',NULL,'2026-07-01 04:44:13','2026-07-06 15:07:29','60000665','Ambient'),(42,NULL,2,6,45,'468879','Carnation Evaporated Milk 12X410G Pmp £1.59','12',12,12,'Case','8445290479488','8445290479082','GRO10CAR106 CARNATION','Z',15,15,9.99,'2026-05-18','2026-07-05',0.410,0.003,540,'2027-11-09','STD',10.99,'2026-05-18','2026-07-05','21069098','United Kingdom','G','Carnation Evaporated Milk 12X410G Pmp £1.59','Carnation Evaporated Milk 12X410G Pmp £1.59','8445290479488.png',1,'8445290479488.jpg',NULL,'2026-07-01 04:44:13','2026-07-06 15:07:29','12563291','Ambient'),(43,NULL,2,6,46,'468894','Del Monte Pineapple Slices In Juice 6 X 3.01Kg','1',1,1,'Case','24000118268','10024000118265','GRO10DEL105 DEL MON','Z',7,56,9.99,'2026-04-07','9999-12-31',3.000,0.003,210,'2026-10-28','STD',10.99,'2026-04-01','9999-12-31','2008209000','United Kingdom','G','Del Monte Pineapple Slices In Juice 6 X 3.01Kg','Del Monte Pineapple Slices In Juice 6 X 3.01Kg','24000118268.png',1,'24000118268.jpg',NULL,'2026-07-01 04:44:13','2026-07-06 15:07:29','DM072','Ambient'),(44,NULL,3,12,47,'468916','Barratt Milk Straws Black Jack 10S','12',12,12,'Case','5060202714728','5060202714735','CON12BAR104 BARRATTS','A',66,462,9.99,'2025-01-16','9999-12-31',0.090,0.003,210,'2026-01-29','STD',10.99,'2025-01-16','9999-12-31','190231030','United Kingdom','G','Barratt Milk Straws Black Jack 10S','Barratt Milk Straws Black Jack 10S','5060202714728.png',1,'5060202714728.jpg',NULL,'2026-07-01 04:44:13','2026-07-06 15:07:29','/6','Ambient'),(45,NULL,3,12,48,'468928','Wham Extreme Stick Pack 36G','40',40,40,'Case','5010511481774','5010511039548','CON12WHA100 WHAM EXTREME','A',46,506,9.99,'2026-05-18','2026-07-05',0.040,0.003,210,'2026-12-14','STD',10.99,'2026-05-18','2026-07-05','21069098','United Kingdom','G','Wham Extreme Stick Pack 36G','Wham Extreme Stick Pack 36G','5010511481774.png',1,'5010511481774.jpg',NULL,'2026-07-01 04:44:13','2026-07-06 15:07:29','BARR511','Ambient'),(46,NULL,5,3,49,'468776','Zodiac Bubblegum  330Ml','12',12,12,'Case','5023603333349','5023603332359','SOF10ZOD100 ZODIAC','A',24,240,9.99,'2024-07-31','9999-12-31',0.330,0.003,210,'2026-01-29','STD',10.99,'2024-07-31','9999-12-31','22029915','United Kingdom','G','Zodiac Bubblegum  330Ml','Zodiac Bubblegum  330Ml','5023603333349.png',1,'5023603333349.jpg',NULL,'2026-07-01 04:44:13','2026-07-06 15:07:29','Q12G','Ambient'),(47,NULL,4,14,50,'468932','Huntley & Palmer MINI DIPPER 5PK X 18','18',18,18,'Case','5060074982430','5060074982447','CRI10HUN100 Huntley & Palmer','A',10,90,9.99,'2025-09-18','9999-12-31',0.250,0.003,210,'2026-04-16','STD',10.99,'2025-09-18','9999-12-31','19053199','United Kingdom','G','Huntley & Palmer MINI DIPPER 5PK X 18','Huntley & Palmer MINI DIPPER 5PK X 18','5060074982430.png',1,'5060074982430.jpg',NULL,'2026-07-01 04:44:13','2026-07-06 15:07:29','01HUNM10','Ambient'),(48,NULL,4,14,51,'468934','Eat Real Chilli & Lemon Hummus Chips 110G','10',10,10,'Case','5060878780508','15060878780505','CRI10EAT101 EATREAL','Z',10,70,9.99,'2026-05-25','9999-12-31',0.110,0.015,180,'2026-10-27','STD',10.99,'2026-05-25','9999-12-31','19059045','United Kingdom','G','Eat Real Chilli & Lemon Hummus Chips 110G','Eat Real Chilli & Lemon Hummus Chips 110G','5060878780508.png',1,'5060878780508.jpg',NULL,'2026-07-01 04:44:13','2026-07-06 15:07:29','2061822','Ambient'),(49,NULL,1,10,52,'469342','Grenade Caramel Chaos Protein Bar 60G','12',12,12,'Case','5060221201391','5060221203425','CON11GRE107 GRENADE','A',108,756,9.99,'2025-02-10','9999-12-31',0.060,0.003,180,'2025-12-30','STD',10.99,'2025-07-03','9999-12-31','18063100','United Kingdom','G','Grenade Caramel Chaos Protein Bar 60G','Grenade Caramel Chaos Protein Bar 60G','5060221201391.png',1,'5060221201391.jpg',NULL,'2026-07-01 04:44:13','2026-07-06 15:07:29','C006157','Ambient'),(50,NULL,1,10,53,'469377','Fazer Dumle Original 150G','12',12,12,'Case','6411401072697','6416453472693','CON11FAZ100 FAZER','A',16,112,9.99,'2024-09-11','9999-12-31',0.150,0.003,180,'2025-12-30','STD',10.99,'2025-07-03','9999-12-31','18063100','United Kingdom','G','Fazer Dumle Original 150G','Fazer Dumle Original 150G','6411401072697.png',1,'6411401072697.jpg',NULL,'2026-07-01 04:44:13','2026-07-06 15:07:29','407269','Ambient'),(51,NULL,2,6,54,'469510','Pathos Mushrooms Sliced 2.5Kg','6',6,6,'Case','5060282620964','5060282620971','GRO10PAT102 PATHOS','A',7,63,9.99,'2024-09-11','9999-12-31',2.500,0.003,180,'2025-12-30','STD',10.99,'2025-07-03','9999-12-31','18063100','United Kingdom','G','Pathos Mushrooms Sliced 2.5Kg','Pathos Mushrooms Sliced 2.5Kg','5060282620964.png',1,'5060282620964.jpg',NULL,'2026-07-01 04:44:13','2026-07-06 15:07:29','VEG004','Ambient'),(52,NULL,4,14,55,'469514','Walkers Max Paprika 27G 6Pk 27G','12',12,12,'Case','5000328908137','5000328908144','CRI10WAL100 WALKERS','A',5,45,9.99,'2025-07-16','9999-12-31',0.030,0.029,78,'2026-07-01','STD',10.99,'2025-07-22','9999-12-31','18063100','United Kingdom','G','Walkers Max Paprika 27g 6pk 27g','Walkers Max Paprika 27g 6pk 27g','5000328908137.png',1,'5000328908137.jpg',NULL,'2026-07-01 04:44:13','2026-07-06 15:07:29','300001269','Ambient'),(53,NULL,11,18,56,'469555','Warrior Protein Water - Berry x12 500ml Bottles','12',12,12,'Case','5060756345379','5060756345522','HEA11WAR100 WARRIOR','A',20,120,9.99,'2025-08-07','9999-12-31',0.550,0.003,210,'2026-03-05','STD',10.99,'2025-08-07','9999-12-31','2202100000','United Kingdom','G','Warrior Protein Water - Berry x12 500ml Bottles','Warrior Protein Water - Berry x12 500ml Bottles','5060756345379.png',1,'5060756345379.jpg',NULL,'2026-07-01 04:44:13','2026-07-06 15:07:29','B326-B-12','Ambient'),(54,NULL,8,22,57,'469669','CADBURY MILK DRINK CARAMEL','8',8,8,'Case','4025500283926','4025500283933','DES10MUL100 MULLER','Z',40,240,9.99,'2024-09-18','9999-12-31',0.250,0.003,210,'2026-01-29','STD',10.99,'2024-09-18','9999-12-31','19019099','United Kingdom','G','CADBURY MILK DRINK CARAMEL','CADBURY MILK DRINK CARAMEL','4025500283926.png',1,'4025500283926.jpg',NULL,'2026-07-01 04:44:13','2026-07-06 15:07:29','MICACAR250ML','Chilled'),(55,NULL,1,10,58,'441624','Ritter Salted Caramel 100g','12',12,12,'Case','4000417271006','4000417271600','CON11RIT100 RITTER','A',50,400,9.99,'2025-06-23','9999-12-31',0.100,0.003,210,'2026-04-09','STD',10.99,'2025-06-23','9999-12-31','20060038','Germany','G','Ritter Salted Caramel 100g','Ritter Salted Caramel 100g','4000417271006.png',1,'4000417271006.jpg',NULL,'2026-07-01 04:44:13','2026-07-06 15:07:29','NONE','Ambient'),(56,NULL,2,7,59,'442468','Weetabix Chocolate','10',10,10,'Case','5010029228977','5010029228984','CER10WEE100 WEETABIX','Z',20,80,9.99,'2024-02-08','9999-12-31',0.500,0.003,210,'2026-04-09','STD',10.99,'2025-01-01','9999-12-31','18069031','United Kingdom','G','Weetabix Chocolate','Weetabix Chocolate','5010029228977.png',1,'5010029228977.jpg',NULL,'2026-07-01 04:44:13','2026-07-06 15:07:29','NONE','Ambient'),(57,NULL,6,15,60,'550053','Bahlsen 10pk Pick Up! Minis','14',14,14,'Case','4017100407567','4017100540752','BIS10BAH100 BAHLSEN','Z',7,70,9.99,'2025-09-11','9999-12-31',0.140,0.022,120,'2026-01-09','STD',10.99,'2025-09-11','9999-12-31','19053191','Denmark','G','Bahlsen 10pk Pick Up! Minis','Bahlsen 10pk Pick Up! Minis','4017100407567.png',1,'4017100407567.jpg',NULL,'2026-07-01 04:44:13','2026-07-06 15:07:29','94422','Ambient'),(58,NULL,5,3,61,'444617','CAWSTON Cloudy Apple Juice','6',6,6,'case','5060054134026','5060054130431','SOF10CAW100 CAWSTON','Z',30,150,9.99,'2024-03-26','9999-12-31',1.100,0.010,210,'2026-04-16','STD',10.99,'2024-03-14','9999-12-31','20099011','United Kingdom','G','CAWSTON Cloudy Apple Juice','CAWSTON Cloudy Apple Juice','5060054134026.png',1,'5060054134026.jpg',NULL,'2026-07-01 04:44:13','2026-07-06 15:07:29','NONE','Ambient'),(59,NULL,1,10,62,'444650','Diablo No Added Sugar Milk Chocolate  85g  x15','15',15,15,'case','5060309490006','5060309490518','CON11DIA100 DIABLO','A',80,480,9.99,'2025-06-16','9999-12-31',0.085,0.003,210,'2026-04-09','STD',10.99,'2025-06-17','9999-12-31','18063290','United Kingdom','G','Diablo No Added Sugar Milk Chocolate  85g  x15','Diablo No Added Sugar Milk Chocolate  85g  x15','5060309490006.png',1,'5060309490006.jpg',NULL,'2026-07-01 04:44:13','2026-07-06 15:07:29','NONE','Ambient'),(60,NULL,3,12,63,'445196','Vidal 6X150 TONGUE PAINTER LOLLIES','6',6,6,'case','8413178166102','38413178166103','CON12VID100 VIDAL','A',9,54,9.99,'2025-08-06','9999-12-31',1.080,0.003,210,'2026-04-02','STD',10.99,'2025-08-06','9999-12-31','1704907500','Spain','G','Vidal 6X150 TONGUE PAINTER LOLLIES','Vidal 6X150 TONGUE PAINTER LOLLIES','8413178166102.png',1,'38413178166103.jpg',NULL,'2026-07-01 04:44:13','2026-07-06 15:07:29','1060213','Ambient'),(61,NULL,2,6,64,'448940','Dole Mandarin in Juice 4-pack 4 x 113g','3',3,3,'Case','38900042370','5438900042366','GRO10DOL100 DOLE','Z',29,348,9.99,'2025-08-07','9999-12-31',0.113,0.003,365,'2026-08-07','STD',10.99,'2025-08-07','9999-12-31','20060091','United Kingdom','G','Dole Mandarin in Juice 4-pack 4 x 113g','Dole Mandarin in Juice 4-pack 4 x 113g','38900042370.png',1,'38900042370.jpg',NULL,'2026-07-01 04:44:13','2026-07-06 15:07:29','389000424535','Ambient'),(62,NULL,2,7,65,'449428','Fuel10K Chocolate Breakfast Milk Drink','8',8,8,'Case','5060201621836','5060201621935','CER10FUE100 FUEL10K','Z',36,288,9.99,'2026-05-18','2026-07-05',0.330,0.003,210,'2026-12-14','STD',10.99,'2026-05-18','2026-07-05','18069019','United Kingdom','G','Fuel10K Chocolate Breakfast Milk Drink','Fuel10K Chocolate Breakfast Milk Drink','5060201621836.png',1,'5060201621836.jpg',NULL,'2026-07-01 04:44:13','2026-07-06 15:07:29','1019345','Ambient'),(63,NULL,5,2,66,'450211','Typhoo Eco Refill £1.29 Pmp','12',12,12,'Case','5060123602210','15055486000558','HOT10TYP100 TYPHOO','Z',31,217,9.99,'2026-04-13','9999-12-31',0.120,0.003,365,'2025-11-24','STD',10.99,'2026-04-13','9999-12-31','9023000','United Kingdom','G','Typhoo Eco Refill £1.29 Pmp','Typhoo Eco Refill £1.29 Pmp','5060123602210.png',1,'5060123602210.jpg',NULL,'2026-07-01 04:44:13','2026-07-06 15:07:29','TJ24038','Ambient'),(64,NULL,5,2,67,'450223','London Fruit And Herb Lemon & Ginger','6',6,6,'Case','5060123607802','15060123608851','HOT10GLE100 GLENGETTIE','Z',31,310,9.99,'2025-11-17','9999-12-31',0.250,0.003,365,'2025-11-23','STD',10.99,'2025-11-17','9999-12-31','9023000','United Kingdom','G','London Fruit And Herb Lemon & Ginger','London Fruit And Herb Lemon & Ginger','5060123607802.png',1,'5060123607802.jpg',NULL,'2026-07-01 04:44:13','2026-07-06 15:07:29','S30576','Ambient'),(65,NULL,5,2,68,'443417','HORLICKS INSTANT MALTED 400G JAR','6',6,6,'Case','5060113919366','506113919397','HOT10HOR100 HORLICKS','Z',28,224,9.99,'2024-02-13','9999-12-31',0.400,0.003,300,'2027-01-17','STD',10.99,'2025-07-05','9999-12-31','1901909990','United Kingdom','G','HORLICKS INSTANT MALTED 400G JAR','HORLICKS INSTANT MALTED 400G JAR','5060113919366.png',1,'5060113919366.png',NULL,'2026-07-01 04:44:13','2026-07-06 15:07:29','HLKLGT4U','Ambient'),(66,NULL,3,12,69,'470546','Fini Halal Fizzy Watermelon Slices 12Bx75G','12',12,12,'Case','8410525178085','68410525178087','CON12FIN100 FINI','A',15,405,9.99,'2026-06-08','2026-07-26',0.075,0.003,365,'2027-05-18','STD',10.99,'2026-06-08','2026-07-26','17049065','United Kingdom','G','Fini Halal Fizzy Watermelon Slices 12Bx75G','Fini Halal Fizzy Watermelon Slices 12Bx75G','8410525178085.png',1,'8410525178085.jpg',NULL,'2026-07-01 04:44:13','2026-07-06 15:07:29','7050900056','Ambient'),(67,NULL,6,15,70,'470548','Bounty Secret Centre 132G X 12','12',12,12,'Case','5060402908101','5060402908101','BIS10BOU100 BOUNTY','Z',25,207,9.99,'2025-11-17','9999-12-31',0.130,0.003,180,'2026-05-16','STD',10.99,'2025-11-17','9999-12-31','19042099','United Kingdom','G','Bounty Secret Centre 132G X 12','Bounty Secret Centre 132G X 12','5060402908101.png',1,'5060402908101.jpg',NULL,'2026-07-01 04:44:13','2026-07-06 15:07:29','NONE','Ambient'),(68,NULL,5,3,71,'470554','Freez Mix Sparkling Blue Hawaii (Tropical Fruits) Flavour Drink 4X6Pk 275Ml','24',24,24,'Case','762571500197','762571312158','SOF10FRE101 FREEZ','A',14,98,9.99,'2025-11-03','9999-12-31',0.280,0.000,180,'2026-03-09','STD',10.99,'2025-11-03','9999-12-31','21061080','Lebanon','G','Freez Mix Sparkling Blue Hawaii (Tropical Fruits) Flavour Drink 4X6Pk 275Ml','Freez Mix Sparkling Blue Hawaii (Tropical Fruits) Flavour Drink 4X6Pk 275Ml','762571500197.png',1,'762571500197.jpg',NULL,'2026-07-01 04:44:13','2026-07-06 15:07:29','FRE002','Ambient'),(69,NULL,5,3,72,'470564','Score Immune Blueberry Flavour 500Ml','12',12,12,'Case','6009708053596','6009708053695','SOF10SCO100 SCORE','A',20,160,9.99,'2026-06-04','9999-12-31',0.500,0.003,210,'2026-12-31','STD',10.99,'2026-06-04','9999-12-31','22021000','South Africa','G','Score Immune Blueberry Flavour 500Ml','Score Immune Blueberry Flavour 500Ml','6009708053596.png',1,'6009708053596.jpg',NULL,'2026-07-01 04:44:13','2026-07-06 15:07:29','103952','Ambient'),(70,NULL,1,10,73,'470580','Elizabeth Shaw Dark Mint Creme - 200S 2.45Kg','1',1,1,'Case','5055037054620','5055037054620','CON11ELI100 ELIZABETH','A',32,288,9.99,'2025-06-02','9999-12-31',2.450,0.003,180,'2025-12-30','STD',10.99,'2025-05-30','9999-12-31','18063290','United Kingdom','G','Elizabeth Shaw Dark Mint Creme - 200S 2.45Kg','Elizabeth Shaw Dark Mint Creme - 200S 2.45Kg','5055037054620.png',1,'5055037054620.jpg',NULL,'2026-07-01 04:44:13','2026-07-06 15:07:29','5106766','Ambient'),(71,NULL,2,6,74,'470589','Tassimo Costa Cappuccino Coffee Pods 8pk','5',5,5,'Case','8711000545324','8711000545331','GRO10TAS100 TASSIMO','A',18,108,9.99,'2025-09-18','9999-12-31',0.280,0.003,180,'2026-03-17','STD',10.99,'2025-09-18','9999-12-31','1902301080','United Kingdom','G','Tassimo Costa Cappuccino Coffee Pods 8pk','Tassimo Costa Cappuccino Coffee Pods 8pk','8711000545324.png',1,'8711000545324.jpg',NULL,'2026-07-01 04:44:13','2026-07-06 15:07:29','4056513','Ambient'),(72,NULL,2,6,75,'470597','Bens Original Caribbean RTH 220g','6',6,6,'Case','5010034014282','5010034014558','GRO10BEN100 BENS ORIGINAL','A',42,336,9.99,'2026-06-08','2026-07-26',0.220,0.015,180,'2026-11-14','STD',10.99,'2026-06-08','2026-07-26','17049000','United Kingdom','G','Bens Original Caribbean Rth 220G','Bens Original Caribbean Rth 220G','5010034014282.png',1,'5010034014282.jpg',NULL,'2026-07-01 04:44:13','2026-07-06 15:07:29','426114','Ambient'),(73,NULL,1,10,76,'470647','Rolo Multipack 12(4X41.6G) Pr £1.85 Xb Mpacks','12',12,12,'Case','8445291527867','8445291527874','CON11ROL100 ROLO','A',28,224,9.99,'2026-04-30','9999-12-31',0.166,0.008,210,'2026-11-26','STD',10.99,'2026-04-30','9999-12-31','180690','United Kingdom','G','Rolo Multipack 12(4X41.6G) Pr £1.85 Xb Mpacks','Rolo Multipack 12(4X41.6G) Pr £1.85 Xb Mpacks','8445291527867.png',1,'8445291527867.jpg',NULL,'2026-07-01 04:44:13','2026-07-06 15:07:29','12602258','Ambient'),(74,NULL,2,6,77,'470667','Mcdougalls Fish Batter Mix 3.5Kg','1',1,1,'Case','5000354203824','5000117204938','GRO10MCD100 MCDOUGALL','A',56,280,9.99,'2024-10-11','9999-12-31',3.500,0.003,180,'2025-12-30','STD',10.99,'2025-07-03','9999-12-31','1902301080','United Kingdom','G','Mcdougalls Fish Batter Mix 3.5Kg','Mcdougalls Fish Batter Mix 3.5Kg','5000354203824.png',1,'5000354203824.jpg',NULL,'2026-07-01 04:44:13','2026-07-06 15:07:29','1006763/4','Ambient'),(75,NULL,2,6,78,'470679','Cawoods Sardines In Spiced Soya Oil 125G','50',50,50,'Case','5020580023508','5020580023515','GRO10CAW101 CAWOODS','A',12,132,9.99,'2024-10-11','9999-12-31',0.130,0.003,180,'2025-12-30','STD',10.99,'2025-07-03','9999-12-31','1902301080','United Kingdom','G','Cawoods Sardines In Spiced Soya Oil 125G','Cawoods Sardines In Spiced Soya Oil 125G','5020580023508.png',1,'5020580023508.jpg',NULL,'2026-07-01 04:44:13','2026-07-06 15:07:29','22935','Ambient'),(76,NULL,5,4,79,'470717','Wow Hydrate Electrolyte Lemon & Lime Water 500ml','12',12,12,'Case','5060446100455','5060446100554','WAT10WOW100 WOW HYDRATE','A',22,110,9.99,'2025-09-08','9999-12-31',0.500,0.000,180,'2026-01-12','STD',10.99,'2025-09-08','9999-12-31','22021000','United Kingdom','G','Wow Hydrate Electrolyte Lemon & Lime Water 500ml','Wow Hydrate Electrolyte Lemon & Lime Water 500ml','5060446100455.png',1,'5060446100455.jpg',NULL,'2026-07-01 04:44:13','2026-07-06 15:07:29','HWPLEL0501UG12A','Ambient'),(77,NULL,1,10,4,'470737','Nestle Damak Caramel Croquant with Pistachio 6x60g','12',12,12,'Case','8445291349292','8445291349308','CON11NES108 NESTLE','A',19,114,9.99,'2024-10-14','9999-12-31',0.360,0.003,180,'2025-12-30','STD',10.99,'2024-10-14','9999-12-31','18069019','Turkey','G','Nestle Damak Caramel Croquant with Pistachio 6x60g','Nestle Damak Caramel Croquant with Pistachio 6x60g','8445291349292.png',1,'8445291349292.jpg',NULL,'2026-07-01 04:44:13','2026-07-06 15:07:29','201006','Ambient'),(78,NULL,5,3,80,'470776','Prime Hydration Drink 12x500mL Haaland V2 (made to order)','12',12,12,'Case','810116125388','10810116125385','SOF10PRI101 PRIME','A',22,132,9.99,'2024-10-17','9999-12-31',0.500,0.020,365,'2026-07-03','STD',10.99,'2025-01-20','9999-12-31','2202991911','United Kingdom','G','Prime Hydration Drink 12x500mL Haaland V2','Prime Hydration Drink 12x500mL Haaland V2','810116125388.png',1,'810116125388.jpg',NULL,'2026-07-01 04:44:13','2026-07-06 15:07:29','PH1242EBH-UK','Ambient'),(79,NULL,4,14,81,'469097','Yubi Bar Protein Bars Choc Orange 35G','12',12,12,'Case','5065013646244','5065013646282','CRI10YUB100 YUBI','A',84,840,9.99,'2025-12-22','9999-12-31',0.040,0.003,210,'2026-05-07','STD',10.99,'2025-12-22','9999-12-31','21061020','United Kingdom','G','Yubi Bar Protein Bars Choc Orange 35G','Yubi Bar Protein Bars Choc Orange 35G','5065013646244.png',1,'5065013646244.jpg',NULL,'2026-07-01 04:44:13','2026-07-06 15:07:29','YUB/COB/12','Ambient'),(80,NULL,3,12,82,'469137','Kidsmania Chatty Chomper Candy Lollipop 17G','12',12,12,'Case','5031396087929','5031396087912','CON12KID105 KIDSMANIA','A',4,192,9.99,'2026-04-27','2026-06-16',0.020,0.015,210,'2026-11-18','STD',10.99,'2026-04-27','2026-06-16','17049099','Spain','G','Kidsmania Chatty Chomper Candy Lollipop 17G','Kidsmania Chatty Chomper Candy Lollipop 17G','5031396087929.png',1,'5031396087929.jpg',NULL,'2026-07-01 04:44:13','2026-07-06 15:07:29','NONE','Ambient'),(81,NULL,1,10,83,'470840','Baileys Original 35g Bar','20',20,20,'Case','5099872017082','5099872017587','CON11BAI100 BAILEYS','A',36,360,9.99,'2024-10-22','9999-12-31',0.035,0.003,360,'2026-09-06','STD',10.99,'2024-10-22','9999-12-31','18069010','Ireland','G','Baileys Original 35g Bar','Baileys Original 35g Bar','5099872017082.png',1,'5099872017082.jpg',NULL,'2026-07-01 04:44:13','2026-07-06 15:07:29','NONE','Ambient'),(82,NULL,1,10,84,'470416','Quality Street Box  265 g','12',12,12,'Case','5000426112160','5000426412161','CON11QUA101 QUALITY STREET','A',108,540,9.99,'2024-10-22','9999-12-31',0.270,0.003,285,'2026-04-14','STD',10.99,'2024-10-22','9999-12-31','18063290','United Kingdom','G','Quality Street Box  265 g','Quality Street Box  265 g','5000426112160.png',1,'5000426112160.jpg',NULL,'2026-07-01 04:44:13','2026-07-06 15:07:29','12467903','Ambient'),(83,NULL,4,14,85,'471016','Cathedral City Baked Bites (19.2g x 5) x 15 srp','15',15,15,'Case','72417194870','5010049194870','CRI10CAT100 CATHEDRAL','A',9,54,9.99,'2024-10-24','9999-12-31',0.930,0.003,270,'2026-06-08','STD',10.99,'2025-06-11','9999-12-31','19059045','United Kingdom','G','Cathedral City Baked Bites (19.2g x 5) x 15 srp','Cathedral City Baked Bites (19.2g x 5) x 15 srp','72417194870.png',1,'72417194870.jpg',NULL,'2026-07-01 04:44:13','2026-07-06 15:07:29','NONE','Ambient'),(84,NULL,3,12,86,'470925','Cheery Chews Gummy Rush Atomic Peaches Tub 150G','12',12,12,'Case','6282356196659','6282356196666','CON12CHE105 CHEERY CHEWS','A',22,220,9.99,'2025-11-29','9999-12-31',0.150,0.003,180,'2026-05-04','STD',10.99,'2025-11-29','9999-12-31','1700000000','Turkey','G','Cheery Chews Gummy Rush Atomic Peaches Tub 150G','Cheery Chews Gummy Rush Atomic Peaches Tub 150G','6282356196659.png',1,'6282356196659.jpg',NULL,'2026-07-01 04:44:13','2026-07-06 15:07:29','9665','Ambient'),(85,NULL,4,14,87,'471026','Skips Prawn Cocktail PM 50p 17g','30',30,30,'Case','5000237202715','5000237202708','CRI10SKI101 SKIPS','Z',10,70,9.99,'2025-11-13','9999-12-31',0.020,0.003,180,'2026-05-12','STD',10.99,'2025-11-13','9999-12-31','19059080','United Kingdom','G','Skips Prawn Cocktail PM 50p 17g','Skips Prawn Cocktail PM 50p 17g','5000237202715.png',1,'5000237202708.jpg',NULL,'2026-07-01 04:44:13','2026-07-06 15:07:29','702783','Ambient'),(86,NULL,1,10,88,'469361','Reeses Big Cup Puffs 9X16X98G','16',16,16,'Case','34000229178','5025820215590','CON11REE100 REESES','A',72,288,9.99,'2026-05-18','2026-07-05',0.100,0.003,180,'2026-11-14','STD',10.99,'2026-05-18','2026-07-05','21069098','United Kingdom','G','Reeses Big Cup Puffs 9X16X98G','Reeses Big Cup Puffs 9X16X98G','34000229178.png',1,'34000229178.jpg',NULL,'2026-07-01 04:44:13','2026-07-06 15:07:29','3400022916LS','Ambient'),(87,NULL,5,5,89,'469003','HELL ICE COFFEE DOUBLE ESPRESSO','12',12,12,'Case','5999571051342','5999571053193','ENE10HEL100 HELL','A',12,120,9.99,'2025-01-17','9999-12-31',0.250,0.003,180,'2026-02-03','STD',10.99,'2025-08-07','9999-12-31','2202101','Hungary','G','ICE COFFEE DOUBLE ESPRESSO','ICE COFFEE DOUBLE ESPRESSO','5999571051342.png',1,'5999571051342.jpg',NULL,'2026-07-01 04:44:13','2026-07-06 15:07:29','6100002712','Ambient'),(88,NULL,5,3,90,'471167','MEGA BRAIN LICKER SOUR BLUE RASPBERRY CANDY DRINK','12',12,12,'Case','5060476290737','15060476290734','SOF10MEG100 MEGA BRAIN','A',20,180,9.99,'2024-11-27','9999-12-31',0.500,0.003,280,'2026-04-09','STD',10.99,'2024-11-27','9999-12-31','17049000','United Kingdom','G','MEGA BRAIN LICKER SOUR BLUE RASPBERRY CANDY DRINK','MEGA BRAIN LICKER SOUR BLUE RASPBERRY CANDY DRINK','5060476290737.png',1,'5060476290737.jpg',NULL,'2026-07-01 04:44:13','2026-07-06 15:07:29','MBL01','Ambient'),(89,NULL,3,12,91,'462571','Millions Tubes Strawberry 55g','12',12,12,'Case','5017375134709','5017375234706','CON12MIL100 MILLIONS','A',120,720,9.99,'2024-11-27','9999-12-31',0.750,0.003,730,'2027-09-04','STD',10.99,'2025-06-13','9999-12-31','17049061','United Kingdom','G','Millions Tubes Strawberry 55g','Millions Tubes Strawberry 55g','5017375 134709.png',1,'5017375 134709.jpg',NULL,'2026-07-01 04:44:13','2026-07-06 15:07:29','3470','Ambient'),(90,NULL,4,14,92,'471210','Barebells Marshmallow Rocky Roan Soft Protein Bar 55G','12',12,12,'Case','7340001804447','27340001804151','CRI10BAR103 BAREBELLS','A',24,360,9.99,'2025-12-22','9999-12-31',0.060,0.003,210,'2026-06-03','STD',10.99,'2025-12-22','9999-12-31','1810000000','United Kingdom','G','Barebells Marshmallow Rocky Roan Soft Protein Bar 55G','Barebells Marshmallow Rocky Roan Soft Protein Bar 55G','7340001804447.png',1,'7340001804447.jpg',NULL,'2026-07-01 04:44:13','2026-07-06 15:07:29','B1055-GBDKNO','Ambient'),(91,NULL,12,20,93,'471286','Felix As Good As It Looks Favourites Selection Wet Cat Foodpm 4.75 12 X 85G','4',4,4,'Case','8445291265714','8445291265721','PET10FEL100 FELIX','A',18,126,9.99,'2026-05-28','9999-12-31',1.020,0.009,210,'2026-12-31','STD',10.99,'2026-05-28','9999-12-31','23091011','Switzerland','G','Felix As Good As It Looks Favourites Selection Wet Cat Foodpm 4.75 12 X 85G','Felix As Good As It Looks Favourites Selection Wet Cat Foodpm 4.75 12 X 85G','8445291265714.png',1,'8445291265714.jpg',NULL,'2026-07-01 04:44:13','2026-07-06 15:07:29','12586413','Ambient'),(92,NULL,5,3,94,'471345','Vita Coco Pressed 330Ml','12',12,12,'Case','898999011073','5060232812265','SOF10VIT101 VITA','A',24,192,9.99,'2026-06-05','2026-08-16',0.330,0.003,210,'2026-12-30','STD',10.99,'2026-06-05','2026-08-16','22021000','United Kingdom','G','Vita Coco Pressed 330Ml','Vita Coco Pressed 330Ml','898999011073.png',1,'898999011073.jpg',NULL,'2026-07-01 04:44:13','2026-07-06 15:07:29','901505','Ambient'),(93,NULL,4,14,95,'471382','Seabrook Loaded Fire Eaters Smokehouse Cayenne PM 1.25 65G','11',11,11,'Case','5016451444329','5016451884323','CRI10SEA101 SEABROOK','A',12,96,9.99,'2025-01-09','9999-12-31',0.070,0.003,210,'2026-01-29','STD',10.99,'2025-04-11','9999-12-31','20052020','United Kingdom','G','Seabrook Loaded Fire Eaters Smokehouse Cayenne PM 1.25 65G','Seabrook Loaded Fire Eaters Smokehouse Cayenne PM 1.25 65G','5016451444329.png',1,'5016451444329.jpg',NULL,'2026-07-01 04:44:13','2026-07-06 15:07:29','432R','Ambient'),(94,NULL,5,3,96,'471392','Huel Daily A-Z Cherry & Raspberry 330Ml','12',12,12,'Case','5060925290837','5060925291742','SOF10HUE100 HUEL','A',26,234,9.99,'2026-06-05','2026-08-16',0.330,0.018,210,'2026-12-30','STD',10.99,'2026-06-05','2026-08-16','17049000','United Kingdom','G','Huel Daily A-Z Cherry & Raspberry 330Ml','Huel Daily A-Z Cherry & Raspberry 330Ml','5060925290837.png',1,'5060925290837.jpg',NULL,'2026-07-01 04:44:13','2026-07-06 15:07:29','AZV12CRA','Ambient'),(95,NULL,5,4,97,'471478','Celtic Spring Sports Cap 1L','12',12,12,'Case','5019490312550','5019490312567','WAT10CEL100 CELTIC','A',11,66,9.99,'2025-01-09','9999-12-31',1.000,0.003,210,'2026-01-29','STD',10.99,'2025-04-11','9999-12-31','22029915','United Kingdom','G','Celtic Spring Sports Cap 1L','Celtic Spring Sports Cap 1L','5019490312550.png',1,'5019490312550.jpg',NULL,'2026-07-01 04:44:13','2026-07-06 15:07:29','FG-469','Ambient'),(96,NULL,2,6,98,'471707','Milo Powder Ghana 400G','6',6,6,'Case','6033000085658','7613036973175','GRO10MIL105 MILO','A',16,144,9.99,'2026-06-08','2026-07-26',0.400,0.003,540,'2027-11-09','STD',10.99,'2026-06-08','2026-07-26','402219100','United Kingdom','G','Milo Instant Malt Chocolate - Ghana 6X400G','Milo Instant Malt Chocolate - Ghana 6X400G','7613036973175.png',1,'7613036973175.jpg',NULL,'2026-07-01 04:44:13','2026-07-06 15:07:29','12400394','Ambient'),(97,NULL,2,6,99,'471710','PRINCES TUNA CHNK SFO 12X145G PMP £1.59','12',12,12,'Case','5000232031501','5000232031518','GRO10PRI100 P','Z',22,352,9.99,'2025-11-29','9999-12-31',0.150,0.003,210,'2026-06-03','STD',10.99,'2025-11-29','9999-12-31','2000000000','United Kingdom','G','PRINCES TUNA CHNK SFO 12X145G PMP Ã‚£1.59','PRINCES TUNA CHNK SFO 12X145G PMP Ã‚£1.59','5000232031501.png',1,'5000232031501.jpg',NULL,'2026-07-01 04:44:13','2026-07-06 15:07:29','440421','Ambient'),(98,NULL,1,10,100,'471094','Beech\'s Champagne Truffles','5',5,5,'Case','5011701003011','5011701003103','CON11BEE100 BEECHS','A',18,180,9.99,'2025-02-06','9999-12-31',0.140,0.003,365,'2026-07-03','STD',10.99,'2024-10-30','9999-12-31','1806901100','United Kingdom','G','Beech\'s Champagne Truffles 140g','Beech\'s Champagne Truffles 140g','5011701003011.png',1,'5011701003011.jpg',NULL,'2026-07-01 04:44:13','2026-07-06 15:07:29','290','Ambient'),(99,NULL,1,10,101,'472503','Milka Cow Spots 90G','24',24,24,'Case','7622202262524','7622202262517','CON11MIL107 MILKA','A',21,319,9.99,'2026-06-05','2026-08-16',0.090,0.018,210,'2026-12-30','STD',10.99,'2026-06-08','2026-07-26','21069098','United Kingdom','G','Milka Cow Spots 90G','Milka Cow Spots 90G','7622202262524.png',1,'7622202262524.jpg',NULL,'2026-07-01 04:44:13','2026-07-06 15:07:29','4317134','Ambient'),(100,NULL,1,10,102,'471234','McVities Hobnobs Chocolate Flapjack PM 1.49 5Pk','10',10,10,'Case','5000168006673','5000168006680','CON11MCV103 MCVITIES CAKES','A',20,180,9.99,'2025-10-20','9999-12-31',0.300,0.001,210,'2026-04-03','STD',10.99,'2025-10-13','9999-12-31','1905907000','United Kingdom','G','McVities Hobnobs Chocolate Flapjack PM 1.49 5Pk','McVities Hobnobs Chocolate Flapjack PM 1.49 5Pk','5000168006673.png',1,'5000168006673.jpg',NULL,'2026-07-01 04:44:13','2026-07-06 15:07:29','45758','Ambient'),(101,NULL,2,6,103,'471648','Tate & Lyles Topping Syrup Butterscotch 325g','6',6,6,'Case','5010115201006','5010115900633','GRO10TAT100 TATE & LYLE','Z',50,350,9.99,'2025-09-18','9999-12-31',0.325,0.003,210,'2026-04-16','STD',10.99,'2025-09-18','9999-12-31','21032000','United Kingdom','G','Tate & Lyles Topping Syrup Butterscotch 325g','Tate & Lyles Topping Syrup Butterscotch 325g','5010115201006.png',1,'5010115201006.jpg',NULL,'2026-07-01 04:44:13','2026-07-06 15:07:29','432792','Ambient'),(102,NULL,4,14,104,'472812','Lorenz Crunchips XCut Cheese & Onion 12x75g','12',12,12,'Case','4018077773228','4018077000324','CRI10LOR101 LORENZ','A',10,80,9.99,'2025-03-19','9999-12-31',0.080,0.003,180,'2025-12-30','STD',10.99,'2025-03-19','9999-12-31','20052020','Poland','G','Lorenz Crunchips XCut Cheese & Onion 12x75g','Lorenz Crunchips XCut Cheese & Onion 12x75g','4018077773228.png',1,'4018077773228.jpg',NULL,'2026-07-01 04:44:13','2026-07-06 15:07:29','47553','Ambient'),(103,NULL,11,19,105,'473130','Aquafresh Kids Milk Teeth 50Ml','12',12,12,'Case','5000347090967','5000469090968','DEN10AQU100 AQUAFRESH','A',70,490,9.99,'2025-09-29','9999-12-31',0.050,0.003,365,'2026-09-29','STD',10.99,'2025-04-07','9999-12-31','33049900','United Kingdom','G','Aquafresh Kids Milk Teeth 50Ml','Aquafresh Kids Milk Teeth 50Ml','5000347090967.png',1,'5000347090967.jpg',NULL,'2026-07-01 04:44:13','2026-07-06 15:07:29','AQU50MT','Ambient'),(104,NULL,2,7,106,'472642','Mornflake Chocolate Squares Pmp 2.49 375G','6',6,6,'Case','5010026520906','5010026520913','CER10MOR100 MORNFLAKE','A',18,108,9.99,'2026-04-13','9999-12-31',0.380,0.003,210,'2026-08-13','STD',10.99,'2026-04-13','9999-12-31','11041200','United Kingdom','G','Mornflake Chocolate Squares Pmp 2.49 375G','Mornflake Chocolate Squares Pmp 2.49 375G','5010026520906.png',1,'5010026520906.jpg',NULL,'2026-07-01 04:44:13','2026-07-06 15:07:29','CR048103','Ambient'),(105,NULL,4,14,107,'472648','Pastri Shop - Choc Drizzle Pastries 3Pk 165G','15',15,15,'Case','703694584541','7036945845416','CRI10PAS100 PASTRI SHOP','A',15,165,9.99,'2025-11-03','9999-12-31',0.170,0.000,365,'2026-09-10','STD',10.99,'2025-11-03','9999-12-31','19059070','Spain','G','Pastri Shop - Choc Drizzle Pastries 3Pk 165G','Pastri Shop - Choc Drizzle Pastries 3Pk 165G','703694584541.png',1,'703694584541.jpg',NULL,'2026-07-01 04:44:13','2026-07-06 15:07:29','PS09','Ambient'),(106,NULL,3,12,108,'472671','Swizzels 6X60 Refreshers Tropical Chew Bar','6',6,6,'Case','5010478715486','5010478779143','CON12TRO105 TROPICAL','A',15,75,9.99,'2026-06-08','2026-07-26',0.180,0.015,365,'2027-05-18','STD',10.99,'2026-06-08','2026-07-26','17049065','United Kingdom','G','Tropical Chew Bar 20P 18G','Tropical Chew Bar 20P 18G','5010478715486.png',1,'5010478715486.jpg',NULL,'2026-07-01 04:44:13','2026-07-06 15:07:29','74767','Ambient'),(107,NULL,3,12,109,'474033','Bob Snail Choco Crush - Dark Choc Apple Cherry 30G','24',24,24,'Case','4820219341291','4820219341659','CON12BOB100 BOB SNAIL','A',84,252,9.99,'2025-12-22','9999-12-31',0.030,0.003,180,'2026-04-07','STD',10.99,'2025-12-22','9999-12-31','1810000000','Ukraine','G','Bob Snail Choco Crush - Dark Choc Apple Cherry 30G','Bob Snail Choco Crush - Dark Choc Apple Cherry 30G','4820219341291.png',1,'4820219341291.jpg',NULL,'2026-07-01 04:44:13','2026-07-06 15:07:29','NONE','Ambient'),(108,NULL,13,21,110,'474176','CLEAN UPS 2PK MICROFIBRE KITCHEN CLOTHS','12',12,12,'Case','5011597538000','5011597537775','HOU10CLE103 CLEAN UPS','A',72,1152,9.99,'2025-04-30','9999-12-31',0.110,0.080,500,'2026-12-07','STD',10.99,'2025-04-30','9999-12-31','6307101000','China','G','CLEAN UPS 2PK MICROFIBRE KITCHEN CLOTHS','CLEAN UPS 2PK MICROFIBRE KITCHEN CLOTHS','5011597538000.png',1,'5011597538000.jpg',NULL,'2026-07-01 04:44:13','2026-07-06 15:07:29','CU104N-1','Ambient'),(109,NULL,5,5,111,'474350','Tenzing Lime And Mint 330Ml','12',12,12,'Case','5060444851038','5060444851045','ENE10TEN101 TENZING','A',26,234,9.99,'2025-08-04','9999-12-31',0.330,0.003,365,'2026-08-04','STD',10.99,'2025-08-04','9999-12-31','8194764','United Kingdom','G','Tenzing Lime And Mint 330Ml','Tenzing Lime And Mint 330Ml','5060444851038.png',1,'5060444851038.jpg',NULL,'2026-07-01 04:44:13','2026-07-06 15:07:29','TENCAS12LM330-UK','Ambient'),(110,NULL,2,6,112,'969633','CROWN SWEET CORN 3X8','8',8,8,'Case','5065017471033','15065017471023','GRO10CRO109 CROWN','Z',19,190,9.99,'2025-08-07','9999-12-31',0.552,0.003,1090,'2028-08-31','STD',10.99,'2025-08-07','9999-12-31','20058000','United Kingdom','G','CROWN SWEET CORN 3X8','CROWN SWEET CORN 3X8','11111.png',1,'11111.jpg',NULL,'2026-07-01 04:44:13','2026-07-06 15:07:29','NONE','Ambient'),(111,NULL,13,21,113,'474865','Dylon Spray Starch With Easy Iron 300Ml','6',6,6,'Case','5000325049543','5000325049550','HOU10DYL100 DYLON','A',56,280,9.99,'2026-03-03','9999-12-31',0.300,0.003,365,'2027-03-03','STD',10.99,'2026-03-03','9999-12-31','6307103000','United Kingdom','G','Dylon Spray Starch With Easy Iron 300Ml','Dylon Spray Starch With Easy Iron 300Ml','5000325049543.png',1,'5000325049543.jpg',NULL,'2026-07-01 04:44:13','2026-07-06 15:07:29','11082','Ambient'),(112,NULL,5,4,114,'474682','Buxton Sparkling 8x50cl MP Semi','8',8,8,'Case','7613287034489','7613287034489','WAT10BUX100 BUXTON','Z',30,180,9.99,'2025-06-17','9999-12-31',0.500,0.003,210,'2026-04-09','STD',10.99,'2025-06-17','9999-12-31','2201101100','United Kingdom','G','Buxton Sparkling 8x50cl MP Semi','Buxton Sparkling 8x50cl MP Semi','7613287034489.png',1,'7613287034489.jpg',NULL,'2026-07-01 04:44:13','2026-07-06 15:07:29','NONE','Ambient'),(113,NULL,5,4,115,'475397','Perrier Water 4 x 330cl','6',6,6,'Case','5015552555132','5015552555118','WAT10PER100 PERRIER','A',21,84,9.99,'2025-06-09','9999-12-31',1.500,0.003,210,'2026-04-09','STD',10.99,'2025-06-17','9999-12-31','2201101900','United Kingdom','G','Perrier Water 4 x 330cl','Perrier Water 4 x 330cl','5015552555132.png',1,'5015552555132.jpg',NULL,'2026-07-01 04:44:13','2026-07-06 15:07:29',NULL,'Ambient'),(114,NULL,2,6,116,'475657','Sarsons Dip & Drizzle Original 250G','8',8,8,'Case','5060336504141','5060336504134','GRO10SAR100 SARSONS','A',60,300,9.99,'2026-01-05','9999-12-31',0.250,0.003,210,'2026-07-14','STD',10.99,'2026-01-05','9999-12-31','2103903000','United Kingdom','G','Sarsons Dip & Drizzle Original 250G','Sarsons Dip & Drizzle Original 250G','5060336504141.png',1,'5060336504141.jpg',NULL,'2026-07-01 04:44:13','2026-07-06 15:07:29','2000846','Ambient'),(115,NULL,13,21,117,'460851','Freedom 4pk 2ply TT Soft White','40',40,40,'Case','5028635000610','5026874000118','HOU10FRE100 FREEDOM','A',11,55,9.99,'2025-08-11','9999-12-31',0.070,0.010,999,'2028-05-06','STD',10.99,'2025-08-11','9999-12-31','48181090','United Kingdom','G','Freedom 4pk 2ply TT Soft White','Freedom 4pk 2ply TT Soft White','5028635000610.png',1,'5028635000610.jpg',NULL,'2026-07-01 04:44:13','2026-07-06 15:07:29','FRT24','Ambient'),(116,NULL,5,3,118,'478511','KULANA ORANGE BLEND JUICE 12X1LTR SLIM','12',12,12,'Case','5011064014419','5011064014426','SOF10KUL100 KULANA','A',15,75,9.99,'2025-07-02','9999-12-31',1.000,0.003,270,'2026-03-30','STD',10.99,'2025-07-02','9999-12-31','10732800','Ireland','G','KULANA ORANGE BLEND JUICE 12X1LTR SLIM','KULANA ORANGE BLEND JUICE 12X1LTR SLIM','5011064014419.png',1,'5011064014419.jpg',NULL,'2026-07-01 04:44:13','2026-07-06 15:07:29','145496','Ambient'),(117,NULL,4,14,119,'478648','Kettle Lightly Salted 130g','12',12,12,'Case','5017764901356','5017764128104','CRI10KET100 KETTLE','A',8,72,9.99,'2025-12-15','9999-12-31',0.130,0.003,210,'2026-07-13','STD',10.99,'2025-12-15','9999-12-31','19019099','United Kingdom','G','Kettle Lightly Salted 130g','Kettle Lightly Salted 130g','5017764901356.png',1,'5017764901356.jpg',NULL,'2026-07-01 04:44:13','2026-07-06 15:07:29','FG002956','Ambient'),(118,NULL,8,16,120,'480070','Tropicana Apple PM 1.50 250Ml','12',12,12,'Case','1210002009096','1210002009089','CHI11TRO107 TROPICANA','A',29,232,9.99,'2025-09-08','9999-12-31',0.250,0.003,210,'2026-02-11','STD',10.99,'2025-09-08','9999-12-31','2202991911','United Kingdom','G','Tropicana Apple PM 1.50 250Ml','Tropicana Apple PM 1.50 250Ml','1210002009096.png',1,'1210002009096.jpg',NULL,'2026-07-01 04:44:13','2026-07-06 15:07:29','NONE','Chilled'),(119,NULL,2,6,121,'480226','Pot Noodle Sticky Rib 90g','12',12,12,'Case','8718114797977','8718114930251','GRO10POT100 POT NOODLES','Z',10,100,9.99,'2026-01-01','9999-12-31',0.090,0.000,159,'2025-12-31','STD',10.99,'2026-01-01','9999-12-31','19023010','United Kingdom','G','Pot Noodle Sticky Rib 90g','Pot Noodle Sticky Rib 90g','8718114797977.png',1,'8718114797977.jpg',NULL,'2026-07-01 04:44:13','2026-07-06 15:07:29','67492328','Ambient'),(120,NULL,4,14,122,'480422','Munchkings Pretzel Crush, Honey, Mustard, Onion','9',9,9,'Case','5060789600391','5060789600391','CRI10MUN101 MUNCHKINGS','A',24,264,9.99,'2025-08-06','9999-12-31',0.125,0.003,210,'2026-03-04','STD',10.99,'2025-08-06','9999-12-31','1905905500','Bulgaria','G','Munchkings Pretzel Crush, Honey, Mustard, Onion','Munchkings Pretzel Crush, Honey, Mustard, Onion','5060789600391.png',1,'5060789600391.jpg',NULL,'2026-07-01 04:44:13','2026-07-06 15:07:29','5060789600391','Ambient'),(121,NULL,5,3,123,'480514','Levi Roots Caribbean Crush Pm 1.15 500Ml','12',12,12,'Case','5010438020650','5010438020865','SOF10LEV100 LEVI ROOTS','A',22,154,9.99,'2026-03-21','9999-12-31',0.500,0.003,210,'2026-08-03','STD',10.99,'2026-03-21','9999-12-31','22090011','United Kingdom','G','Levi Roots Caribbean Crush Pm 1.15 500Ml','Levi Roots Caribbean Crush Pm 1.15 500Ml','5010438020650.png',1,'5010438020650.jpg',NULL,'2026-07-01 04:44:13','2026-07-06 15:07:29','8332','Ambient'),(122,NULL,3,12,124,'480923','Sweetzone Blue Raspberry Bottles','6',6,6,'Case','5032860060035','5032860960205','CON12SWE102 Sweetzone','A',10,100,9.99,'2025-09-02','9999-12-31',0.805,0.003,210,'2026-03-31','STD',10.99,'2025-09-02','9999-12-31','22021025','United Kingdom','G','Sweetzone Blue Raspberry Bottles','Sweetzone Blue Raspberry Bottles','5032860060035.png',1,'5032860060035.jpg',NULL,'2026-07-01 04:44:14','2026-07-06 15:07:29','SZTBSMBRB','Ambient'),(123,NULL,2,6,125,'480842','Riva Foods  Retail garlic baguettes','1',1,1,'Case','4056489462064','4056489462064','GRO10RIV100 RIVA FOOD','A',10,80,9.99,'2025-09-03','9999-12-31',0.205,0.003,210,'2026-04-01','STD',10.99,'2025-09-03','9999-12-31','20079990','United Kingdom','G','Riva Foods  Retail garlic baguettes','Riva Foods  Retail garlic baguettes','4056489462064.png',1,'4056489462064.jpg',NULL,'2026-07-01 04:44:14','2026-07-06 15:07:29','BR035','Ambient'),(124,NULL,13,21,126,'460868','Winter Spices Disinfectant','12',12,12,'Case','5000185116454','5000185037148','HOU10EAS101 EASY','A',20,140,9.99,'2024-02-27','9999-12-31',0.040,0.003,999,'2028-04-19','STD',10.99,'2024-02-27','9999-12-31','34022090','United Kingdom','G','Easy Winter Spices Disinfectant','Easy Winter Spices Disinfectant','5000185116454.png',1,'5000185116454.png',NULL,'2026-07-01 04:44:14','2026-07-06 15:07:29','2007818','Ambient'),(125,NULL,8,16,127,'481478','Yazoo Banana 300Ml','12',12,12,'Case','5410438035874','5410438035881','CHI11YAZ107 YAZOO','Z',22,176,9.99,'2026-05-25','9999-12-31',0.300,0.003,210,'2026-07-20','STD',10.99,'2026-05-25','9999-12-31','19059080','United Kingdom','G','Yazoo Banana 300Ml','Yazoo Banana 300Ml','5410438035874.png',1,'5410438035874.jpg',NULL,'2026-07-01 04:44:14','2026-07-06 15:07:29','704524','Chilled'),(126,NULL,4,14,128,'481481','Takis Blue Heat 100G','18',18,18,'Case','5018297012236','5018297012243','CRI10TAK100 TAKIS','Z',10,70,9.99,'2026-05-25','9999-12-31',0.100,0.003,210,'2026-08-03','STD',10.99,'2026-05-25','9999-12-31','19059080','United Kingdom','G','Takis Blue Heat 100G','Takis Blue Heat 100G','5018297012236.png',1,'5018297012236.jpg',NULL,'2026-07-01 04:44:14','2026-07-06 15:07:29','512064','Ambient'),(127,NULL,4,14,129,'481538','Pipers Crisps Anglesey Sea Salt 40G','24',24,24,'Case','5033060100125','5033060101177','CRI10PIP101 PIPERS','A',16,96,9.99,'2026-05-25','9999-12-31',0.040,0.022,210,'2026-11-26','STD',10.99,'2026-05-25','9999-12-31','19059045','United Kingdom','G','Pipers Crisps Anglesey Sea Salt 40G','Pipers Crisps Anglesey Sea Salt 40G','5033060100125.png',1,'5033060100125.jpg',NULL,'2026-07-01 04:44:14','2026-07-06 15:07:29','CRIANG016','Ambient'),(128,NULL,5,5,130,'480816','C4 Energy Crb Cosmic Rainbow','12',12,12,'Case','842595119145','842595119152','ENE10C4E100 C4 ENERGY','A',18,144,9.99,'2025-10-16','9999-12-31',0.500,0.000,210,'2026-05-14','STD',10.99,'2025-10-16','9999-12-31','2202100000','Poland','G','C4 Energy Crb Cosmic Rainbow','C4 Energy Crb Cosmic Rainbow','842595119145.png',1,'842595119145.jpg',NULL,'2026-07-01 04:44:14','2026-07-06 15:07:29','NONE','Ambient'),(129,NULL,1,10,131,'481739','PHD BAR SMART HFSS CHOC PEANUT BUTTER 64G EU6 1X12 -Milk','12',12,12,'Case','5060119292036','5060119291961','CON11PHD100 PHD','A',72,576,9.99,'2025-10-30','9999-12-31',0.064,0.000,210,'2026-05-28','STD',10.99,'2025-10-30','9999-12-31','19059080','United Kingdom','G','PHD BAR SMART HFSS CHOC PEANUT BUTTER 64G EU6 1X12 -Milk','PHD BAR SMART HFSS CHOC PEANUT BUTTER 64G EU6 1X12 -Milk','5060119292036.png',1,'5060119292036.jpg',NULL,'2026-07-01 04:44:14','2026-07-06 15:07:29','131989','Ambient'),(130,NULL,11,17,132,'460938','Tiama Celeb Bodyspray Female 75Ml','6',6,6,'Case','5028748008442','5028748108227','HEA10TIA100 TIAMA','A',128,1152,9.99,'2025-11-24','9999-12-31',0.080,0.003,730,'2027-11-24','STD',10.99,'2025-11-24','9999-12-31','82122000','United Kingdom','G','Tiama Celeb Bodyspray Female 75Ml','Tiama Celeb Bodyspray Female 75Ml','5028748008442.png',1,'5028748008442.jpg',NULL,'2026-07-01 04:44:14','2026-07-06 15:07:29','FBS-71198','Ambient'),(131,NULL,6,15,133,'481912','Bakehouse Minis Cookies 200g','20',20,20,'Case','5397139001851','5397139001868','BIS10BAK100 BAKEHOUSE','Z',18,126,9.99,'2025-11-12','9999-12-31',0.200,0.000,210,'2026-06-10','STD',10.99,'2025-11-12','9999-12-31','19059080','United Kingdom','G','Bakehouse Minis Cookies 200g','Bakehouse Minis Cookies 200g','5397139001851.png',1,'5397139001851.jpg',NULL,'2026-07-01 04:44:14','2026-07-06 15:07:29','FEB078','Ambient'),(132,NULL,13,21,134,'462405','Dr Johnson Antiseptic Disinfectant Original','12',12,12,'Case','5025416330027','5025416331024','HOU10DRJ100 DR JOHNSON','A',20,140,9.99,'2025-08-11','9999-12-31',0.500,0.003,365,'2026-08-11','STD',10.99,'2025-08-11','9999-12-31','22090011','United Kingdom','G','Dr Johnson Antiseptic Disinfectant Original','Dr Johnson Antiseptic Disinfectant Original','5025416330027.png',1,'5025416330027.jpg',NULL,'2026-07-01 04:44:14','2026-07-06 15:07:29','ASD500','Ambient'),(133,NULL,5,3,135,'482063','UFIT High Protein Shake Drink Chocolate PMP £1.79','8',8,8,'Case','5060317323556','5060317323563','SOF10UFI100 UFIT','Z',31,248,9.99,'2026-03-21','9999-12-31',0.310,0.003,210,'2026-08-03','STD',10.99,'2026-03-21','9999-12-31','22029995','United Kingdom','G','UFIT High Protein Shake Drink Chocolate PMP £1.79','UFIT High Protein Shake Drink Chocolate PMP £1.79','5060317323556.png',1,'5060317323556.jpg',NULL,'2026-07-01 04:44:14','2026-07-06 15:07:29','NONE','Ambient'),(134,NULL,2,6,136,'444992','Goldenfry Beef Gravy Granules 300g','6',6,6,'case','5010105001760','5010105001777','GRO10GOL101 GOLDENFRY','Z',30,270,9.99,'2025-12-04','9999-12-31',0.300,0.020,210,'2026-07-02','STD',10.99,'2025-12-04','9999-12-31','21039090','United Kingdom','G','Goldenfry Beef Gravy Granules 300g','Goldenfry Beef Gravy Granules 300g','5010105001760.png',1,'5010105001760.jpg',NULL,'2026-07-01 04:44:14','2026-07-06 15:07:29','329','Ambient'),(135,NULL,4,14,137,'482364','Pophouse Caramelized Popcorn Classic 180G','15',15,15,'Case','4751028310201','4751028310881','CRI10POP107 POPHOUSE','A',80,144,9.99,'2025-12-15','9999-12-31',0.180,0.000,365,'2026-12-15','STD',10.99,'2025-12-15','9999-12-31','19019099','United Kingdom','G','Pophouse Caramelized Popcorn Classic 180G','Pophouse Caramelized Popcorn Classic 180G','4751028310201.png',1,'4751028310201.jpg',NULL,'2026-07-01 04:44:14','2026-07-06 15:07:29','POP01','Ambient'),(136,NULL,5,3,138,'482414','Dash Sparkling Peach','12',12,12,'Case','5060489730206','15060489730203','SOF10DAS100 DASH','A',26,208,9.99,'2026-06-08','2026-07-26',0.330,0.003,210,'2026-12-14','STD',10.99,'2026-06-08','2026-07-26','21069098','United Kingdom','G','Dash Sparkling Peach','Dash Sparkling Peach','5060489730206.png',1,'5060489730206.jpg',NULL,'2026-07-01 04:44:14','2026-07-06 15:07:29','DBL004','Ambient'),(137,NULL,1,10,60,'482509','Bahlsen Chocolate Leibniz Snack Packs 27.5G','30',30,30,'Case','4017100210860','4017100210860','CON11BAH100 BAHLSEN','Z',30,510,9.99,'2026-05-26','9999-12-31',0.030,0.003,210,'2026-12-22','STD',10.99,'2026-05-26','9999-12-31','1704906500','United Kingdom','G','Bahlsen Chocolate Leibniz Snack Packs 27.5G','Bahlsen Chocolate Leibniz Snack Packs 27.5G','4017100210860.png',1,'4017100210860.jpg',NULL,'2026-07-01 04:44:14','2026-07-06 15:07:29','NONE','Ambient'),(138,NULL,1,10,139,'482813','Gnaw 70% Dark Chocolate','15',15,15,'Case','5060463492359','5060463492359','CON11GNA101 GNAW','A',12,120,9.99,'2026-01-08','9999-12-31',0.080,0.000,210,'2026-08-06','STD',10.99,'2026-01-08','9999-12-31','19053191','United Kingdom','G','Gnaw 70% Dark Chocolate','Gnaw 70% Dark Chocolate','5060463492359.png',1,'5060463492359.jpg',NULL,'2026-07-01 04:44:14','2026-07-06 15:07:29','GPN0001','Ambient'),(139,NULL,4,14,140,'482900','Maretti Bruschette Tomato','7',7,7,'Case','3800205875109','23800205875639','CRI10MAR113 MARETTI','Z',27,324,9.99,'2026-05-16','9999-12-31',0.070,0.015,240,'2026-12-26','STD',10.99,'2026-05-16','9999-12-31','17049000','United Kingdom','G','Maretti Bruschette Tomato','Maretti Bruschette Tomato','3800205875109.png',1,'3800205875109.jpg',NULL,'2026-07-01 04:44:14','2026-07-06 15:07:29','S214305','Ambient'),(140,NULL,11,17,141,'482805','Ultrex 10\'s Ultra Slim (4x12)','48',48,48,'Case','5060110223374','5060110223374','HEA10ULT100 ULTREX','Z',15,60,9.99,'2026-02-03','9999-12-31',0.150,0.000,210,'2026-12-16','STD',10.99,'2026-01-20','9999-12-31','404103600','United Kingdom','G','Ultrex 10\'s Ultra Slim (4x12)','Ultrex 10\'s Ultra Slim (4x12)','5060110223374.png',1,'5060110223374.jpg',NULL,'2026-07-01 04:44:14','2026-07-06 15:07:29','2318','Ambient'),(141,NULL,1,10,142,'483252','Ferrero Rocher T24 X6 Diamond','6',6,6,'Case','8000500009673','8000500143353','CON11FER100 FERRERO ROCHER','A',18,108,9.99,'2026-04-27','9999-12-31',0.310,0.010,225,'2026-12-08','STD',10.99,'2026-04-27','9999-12-31','18069039','Italy','G','Ferrero Rocher T24 X6 Diamond','Ferrero Rocher T24 X6 Diamond','8000500009673.png',1,'8000500009673.jpg',NULL,'2026-07-01 04:44:14','2026-07-06 15:07:29','XGB620794','Ambient'),(142,NULL,2,7,143,'463463','NESQUIK Cereal Bar MP 8(6x25g) N2 GB','8',8,8,'CASE','5900020031372','5900020031389','CER10NES109 NESQUIK','Z',21,147,9.99,'2024-04-11','9999-12-31',0.150,0.010,210,'2026-04-16','STD',10.99,'2024-05-03','9999-12-31','1905907000','United Kingdom','G','NESQUIK Cereal Bar MP 8(6x25g) N2 GB','NESQUIK Cereal Bar MP 8(6x25g) N2 GB','5900020031372.png',1,'5900020031372.jpg',NULL,'2026-07-01 04:44:14','2026-07-06 15:07:29','NONE','Ambient'),(143,NULL,11,17,144,'464141','Natures Bounty Bedtime Bal w/ Mg&B6 60TabXE','24',24,24,'Case','74312002496','10074312002493','HEA10NAT100 NATURE\'S BOUNTY','Z',12,96,9.99,'2024-04-05','9999-12-31',0.030,0.010,210,'2026-01-29','STD',10.99,'2024-04-02','9999-12-31','2106909285','United Kingdom','G','Natures Bounty Bedtime Bal w/ Mg&B6 60TabXE','Natures Bounty Bedtime Bal w/ Mg&B6 60TabXE','74312002496.png',1,'74312002496.jpg',NULL,'2026-07-01 04:44:14','2026-07-06 15:07:29','12539263','Ambient'),(144,NULL,13,21,145,'466144','Greenshield Anti-Bac Floor Wipes 24\'s','12',12,12,'Case','5060110227495','5060110227549','HOU10GRE100 GREENSHIELD','A',100,100,9.99,'2024-05-10','9999-12-31',0.100,0.003,365,'2026-09-11','STD',10.99,'2024-05-10','9999-12-31','34022090','United Kingdom','G','Greenshield Anti-Bac Floor Wipes 24\'s','Greenshield Anti-Bac Floor Wipes 24\'s','5060110227495.png',1,'5060110227495.jpg',NULL,'2026-07-01 04:44:14','2026-07-06 15:07:29','NONE','Ambient'),(145,NULL,1,10,146,'486096','Moo free Mini Bars Milk','20',20,20,'Case','5060235830938','15060235830935','CON11MOO101 MOO FREE','A',11,847,9.99,'2026-05-16','9999-12-31',0.020,0.015,210,'2026-11-26','STD',10.99,'2026-05-16','9999-12-30','18063210','United Kingdom','G','Moo free Mini Bars Milk','Moo free Mini Bars Milk','5060235830938.png',1,'5060235830938.jpg',NULL,'2026-07-01 04:44:14','2026-07-06 15:07:29','NONE','Ambient'),(146,NULL,13,21,147,'486231','Comfort Fabric Conditioner Blue In Iron 1L 28W Ukie','10',10,10,'Case','5000186802585','5000186696108','HOU10COM100 COMFORT','A',15,90,9.99,'2026-04-03','9999-12-31',1.000,0.002,999,'2028-12-27','STD',10.99,'2026-04-03','9999-12-31','34025090','United Kingdom','G','Comfort Fabric Conditioner Blue In Iron 1L 28W Ukie','Comfort Fabric Conditioner Blue In Iron 1L 28W Ukie','5000186802585.png',1,'5000186802585.jpg',NULL,'2026-07-01 04:44:14','2026-07-06 15:07:29','64367608','Ambient'),(147,NULL,1,10,55,'466310','Walkers Dark Chocolates Mint Cream Thins','24',24,24,'Case','5011555024811','5011555022312','CON11WAL100 WALKERS','A',11,132,9.99,'2024-05-29','9999-12-31',0.140,0.010,180,'2025-12-30','STD',10.99,'2024-05-29','9999-12-31','18069019','United Kingdom','G','Walkers Dark Chocolates Mint Cream Thins','Walkers Dark Chocolates Mint Cream Thins','5011555024811.png',1,'5011555024811.jpg',NULL,'2026-07-01 04:44:14','2026-07-06 15:07:29','116707','Ambient'),(148,NULL,5,3,148,'442591','AriZona Iced Tea Lemon *6x500ml','6',6,6,'Case','613008730697','613008732530','SOF10ARI101 ARIZONA','A',29,203,9.99,'2024-02-06','9999-12-31',0.550,0.003,240,'2026-05-09','STD',10.99,'2024-02-06','9999-12-31','22021024','United Kingdom','G','AriZona Iced Tea Lemon *6x500ml','AriZona Iced Tea Lemon *6x500ml','442591.png',1,'442591.jpg',NULL,'2026-07-01 04:44:14','2026-07-06 15:07:29','NONE','Ambient'),(149,NULL,5,3,149,'442808','Stute Superior Pure Apple Juice 1 Ltr','12',12,12,'Case','5060628820423','15060628820420','SOF10STU100 STUTE','A',15,75,9.99,'2024-02-08','9999-12-31',1.040,0.010,300,'2026-07-15','STD',10.99,'2024-02-08','9999-12-31','22021000','United Kingdom','G','Stute Superior Pure Apple Juice 1 Ltr','Stute Superior Pure Apple Juice 1 Ltr','5060628820423.png',1,'5060628820423.jpg',NULL,'2026-07-01 04:44:14','2026-07-06 15:07:29','NONE','Ambient'),(150,NULL,4,14,150,'610154','NAKD BLUEBERRY MUFFIN','18',18,18,'Case','5060088705940','5060088705957','CRI10NAK105 Nakd','A',0,720,9.99,'2026-06-05','2026-08-16',0.040,0.003,95,'2026-09-06','STD',10.99,'2026-06-05','2026-08-16','20089778','United Kingdom','G','NAKD BLUEBERRY MUFFIN','NAKD BLUEBERRY MUFFIN','5060088705940.png',1,'5060088705940.jpg',NULL,'2026-07-01 04:44:14','2026-07-06 15:07:29','70104896','Ambient'),(151,NULL,5,2,151,'487049','Yorkshire Tea Bags 10x80','10',10,10,'Case','5010357112061','5010357112061','HOT10YOR101 YORKSHIRE TEA','A',18,108,9.99,'2026-04-23','9999-12-31',0.250,0.000,210,'2026-11-19','STD',10.99,'2026-04-23','9999-12-31','9023000','United Kingdom','G','Yorkshire Tea Bags 10x80','Yorkshire Tea Bags 10x80','5010357112061.png',1,'5010357112061.jpg',NULL,'2026-07-01 04:44:14','2026-07-06 15:07:29','1019','Ambient'),(152,NULL,1,10,152,'487184','Lees 10 Snowballs','12',12,12,'Case','5010082133263','5010082233277','CON11LEE101 LEES','Z',8,80,9.99,'2026-04-23','9999-12-31',0.125,0.001,210,'2026-11-19','STD',10.99,'2026-04-23','9999-12-30','1905907000','United Kingdom','G','Lees 10 Snowballs','Lees 10 Snowballs','5010082133263.png',1,'5010082133263.jpg',NULL,'2026-07-01 04:44:14','2026-07-06 15:07:29','F10144','Ambient'),(153,NULL,11,17,153,'487233','Clean & Clear 100Ml Dual Act Moisturising Cream','6',6,6,'Case','5000207007159','5000207007159','HEA10CLE100 CLEAN & CLEAR','A',88,528,9.99,'2026-04-22','9999-12-31',0.100,0.003,210,'2026-11-18','STD',10.99,'2026-04-22','9999-12-31','3304990000','United Kingdom','G','Clean & Clear 100Ml Dual Act Moisturising Cream','Clean & Clear 100Ml Dual Act Moisturising Cream','5000207007159.png',1,'5000207007159.jpg',NULL,'2026-07-01 04:44:14','2026-07-06 15:07:29','CLE005','Ambient'),(154,NULL,3,12,154,'487512','Bip Pop Up Lollipops Disney Marvel Mix 10G','72',72,72,'Case','8714786307346','8714786307360','CON12BIP100 BIP','A',12,96,9.99,'2026-05-26','9999-12-31',0.010,0.008,210,'2026-12-22','STD',10.99,'2026-05-26','9999-12-31','17049065','United Kingdom','G','Bip Pop Up Lollipops Disney Marvel Mix 10G','Bip Pop Up Lollipops Disney Marvel Mix 10G','8714786307346.png',1,'8714786307346.jpg',NULL,'2026-07-01 04:44:14','2026-07-06 15:07:29','73402000','Ambient'),(155,NULL,2,6,155,'487673','Lyles Chocolate Wave Bottle 325G','6',6,6,'Case','5010115803125','5010115103126','GRO10LYL100 LYLES','Z',50,350,9.99,'2026-05-18','2026-07-05',0.325,0.018,210,'2026-12-14','STD',10.99,'2026-05-18','2026-07-05','18069019','United Kingdom','G','Lyles Chocolate Wave Bottle 325G','Lyles Chocolate Wave Bottle 325G','5010115803125.png',1,'5010115803125.jpg',NULL,'2026-07-01 04:44:14','2026-07-06 15:07:29','NONE','Ambient'),(156,NULL,4,14,156,'488285','Pip & Nut Peanut Butter Stuffed Original Oat Bar','15',15,15,'Case','5060367181946','5060367182004','CRI10PIP100 PIP & NUT','A',22,748,9.99,'2026-06-04','9999-12-31',0.050,0.000,210,'2026-12-31','STD',10.99,'2026-06-04','9999-12-30','19042099','United Kingdom','G','Pip & Nut Peanut Butter Stuffed Original Oat Bar','Pip & Nut Peanut Butter Stuffed Original Oat Bar','5060367181946.png',1,'5060367181946.jpg',NULL,'2026-07-01 04:44:14','2026-07-06 15:07:29','401040','Ambient'),(157,NULL,12,20,157,'488301','Feedwell Supreme 15KG','1',1,1,'Case','5026433000023','5026433000023','PET10FEE100 Feedwell','A',11,55,9.99,'2026-06-05','9999-12-31',15.000,0.000,210,'2027-01-01','STD',10.99,'2026-06-05','9999-12-31','23091011','United Kingdom','G','Feedwell Supreme 15KG','Feedwell Supreme 15KG','5026433000023.png',1,'5026433000023.jpg',NULL,'2026-07-01 04:44:14','2026-07-06 15:07:29','200','Ambient');
/*!40000 ALTER TABLE `products` ENABLE KEYS */;
UNLOCK TABLES;

--
-- Table structure for table `products_backup`
--

DROP TABLE IF EXISTS `products_backup`;
/*!40101 SET @saved_cs_client     = @@character_set_client */;
/*!50503 SET character_set_client = utf8mb4 */;
CREATE TABLE `products_backup` (
  `id` int NOT NULL DEFAULT '0',
  `supplier_id` int DEFAULT NULL,
  `category_id` int DEFAULT NULL,
  `brand_id` int DEFAULT NULL,
  `reference` varchar(100) DEFAULT NULL,
  `description` varchar(500) DEFAULT NULL,
  `units_of` varchar(50) DEFAULT NULL,
  `inner_case_quantity` int DEFAULT NULL,
  `outer_case_quantity` int DEFAULT NULL,
  `qty_desc` varchar(255) DEFAULT NULL,
  `barcode_ean` varchar(100) DEFAULT NULL,
  `barcode_case` varchar(100) DEFAULT NULL,
  `group_desc` varchar(255) DEFAULT NULL,
  `vat_code` varchar(50) DEFAULT NULL,
  `layer_quantity` int DEFAULT NULL,
  `pallet_quantity` int DEFAULT NULL,
  `cost` decimal(12,2) DEFAULT NULL,
  `cost_from_date` date DEFAULT NULL,
  `cost_to_date` date DEFAULT NULL,
  `weight` decimal(12,3) DEFAULT NULL,
  `volume` decimal(12,3) DEFAULT NULL,
  `shelf_life` int DEFAULT NULL,
  `bbd` varchar(100) DEFAULT NULL,
  `price_list` varchar(100) DEFAULT NULL,
  `price` decimal(12,2) DEFAULT NULL,
  `from_date` date DEFAULT NULL,
  `to_date` date DEFAULT NULL,
  `comm_code` varchar(100) DEFAULT NULL,
  `intra_country` varchar(100) DEFAULT NULL,
  `intra_type` varchar(100) DEFAULT NULL,
  `web_short_description` text,
  `web_long_description` longtext,
  `web_image` varchar(255) DEFAULT NULL,
  `live_for_web` tinyint DEFAULT '1',
  `encore_image` varchar(255) DEFAULT NULL,
  `obsolete` varchar(100) DEFAULT NULL,
  `created_at` timestamp NULL DEFAULT CURRENT_TIMESTAMP,
  `updated_at` timestamp NULL DEFAULT CURRENT_TIMESTAMP ON UPDATE CURRENT_TIMESTAMP,
  `supplier_reference` varchar(100) DEFAULT NULL
) ENGINE=InnoDB DEFAULT CHARSET=utf8mb4 COLLATE=utf8mb4_unicode_ci;
/*!40101 SET character_set_client = @saved_cs_client */;

--
-- Dumping data for table `products_backup`
--

LOCK TABLES `products_backup` WRITE;
/*!40000 ALTER TABLE `products_backup` DISABLE KEYS */;
INSERT INTO `products_backup` VALUES (323,NULL,1,2,NULL,'Young\'s Cooked & Peeled Prawns £4.50',NULL,NULL,NULL,NULL,NULL,NULL,NULL,NULL,NULL,NULL,NULL,NULL,NULL,NULL,NULL,NULL,NULL,NULL,10.99,NULL,NULL,NULL,NULL,NULL,NULL,NULL,NULL,1,NULL,NULL,'2026-06-22 06:13:33','2026-07-06 15:07:29',NULL),(324,NULL,5,6,NULL,'Nescafe Azera Americano 500G',NULL,NULL,NULL,NULL,NULL,NULL,NULL,NULL,NULL,NULL,NULL,NULL,NULL,NULL,NULL,NULL,NULL,NULL,10.99,NULL,NULL,NULL,NULL,NULL,NULL,NULL,NULL,1,NULL,NULL,'2026-06-22 06:13:33','2026-07-06 15:07:29',NULL),(325,NULL,6,7,NULL,'Mcvities Penguin & Friends Cocoa 5X20G',NULL,NULL,NULL,NULL,NULL,NULL,NULL,NULL,NULL,NULL,NULL,NULL,NULL,NULL,NULL,NULL,NULL,NULL,10.99,NULL,NULL,NULL,NULL,NULL,NULL,NULL,NULL,1,NULL,NULL,'2026-06-22 06:13:33','2026-07-06 15:07:29',NULL),(326,NULL,6,8,NULL,'Bisto Gravy Granules Beef Pm 2.99 190G',NULL,NULL,NULL,NULL,NULL,NULL,NULL,NULL,NULL,NULL,NULL,NULL,NULL,NULL,NULL,NULL,NULL,NULL,10.99,NULL,NULL,NULL,NULL,NULL,NULL,NULL,NULL,1,NULL,NULL,'2026-06-22 06:13:33','2026-07-06 15:07:29',NULL),(327,NULL,4,9,NULL,'Red Bull Edition Blue June Berry PM 1.55 250ml',NULL,NULL,NULL,NULL,NULL,NULL,NULL,NULL,NULL,NULL,NULL,NULL,NULL,NULL,NULL,NULL,NULL,NULL,10.99,NULL,NULL,NULL,NULL,NULL,NULL,NULL,NULL,1,NULL,NULL,'2026-06-22 06:13:33','2026-07-06 15:07:29',NULL),(328,NULL,5,10,NULL,'Tetley Decaf Pm 2.19 40S',NULL,NULL,NULL,NULL,NULL,NULL,NULL,NULL,NULL,NULL,NULL,NULL,NULL,NULL,NULL,NULL,NULL,NULL,10.99,NULL,NULL,NULL,NULL,NULL,NULL,NULL,NULL,1,NULL,NULL,'2026-06-22 06:13:33','2026-07-06 15:07:29',NULL),(329,NULL,7,11,NULL,'Lindt Creation Lemon,(317648)',NULL,NULL,NULL,NULL,NULL,NULL,NULL,NULL,NULL,NULL,NULL,NULL,NULL,NULL,NULL,NULL,NULL,NULL,10.99,NULL,NULL,NULL,NULL,NULL,NULL,NULL,NULL,1,NULL,NULL,'2026-06-22 06:13:33','2026-07-06 15:07:29',NULL),(330,NULL,7,12,NULL,'Nando\'S Hot Peri-Peri Marinade 260G',NULL,NULL,NULL,NULL,NULL,NULL,NULL,NULL,NULL,NULL,NULL,NULL,NULL,NULL,NULL,NULL,NULL,NULL,10.99,NULL,NULL,NULL,NULL,NULL,NULL,NULL,NULL,1,NULL,NULL,'2026-06-22 06:13:33','2026-07-06 15:07:29',NULL),(331,NULL,7,13,NULL,'Candy Castle Crew Bubblegum Bottles PM 1.00 90g',NULL,NULL,NULL,NULL,NULL,NULL,NULL,NULL,NULL,NULL,NULL,NULL,NULL,NULL,NULL,NULL,NULL,NULL,10.99,NULL,NULL,NULL,NULL,NULL,NULL,NULL,NULL,1,NULL,NULL,'2026-06-22 06:13:33','2026-07-06 15:07:29',NULL),(332,NULL,8,14,NULL,'Golden Wonder Ringos Cheese & Onion Pm 1.00 40G',NULL,NULL,NULL,NULL,NULL,NULL,NULL,NULL,NULL,NULL,NULL,NULL,NULL,NULL,NULL,NULL,NULL,NULL,10.99,NULL,NULL,NULL,NULL,NULL,NULL,NULL,NULL,1,NULL,NULL,'2026-06-22 06:13:33','2026-07-06 15:07:29',NULL),(333,NULL,7,15,NULL,'Bazooka Chews Sour PM 1.00 120g',NULL,NULL,NULL,NULL,NULL,NULL,NULL,NULL,NULL,NULL,NULL,NULL,NULL,NULL,NULL,NULL,NULL,NULL,10.99,NULL,NULL,NULL,NULL,NULL,NULL,NULL,NULL,1,NULL,NULL,'2026-06-22 06:13:33','2026-07-06 15:07:29',NULL),(334,NULL,7,16,NULL,'Jack Daniels Bbq Sauce Original 553G',NULL,NULL,NULL,NULL,NULL,NULL,NULL,NULL,NULL,NULL,NULL,NULL,NULL,NULL,NULL,NULL,NULL,NULL,10.99,NULL,NULL,NULL,NULL,NULL,NULL,NULL,NULL,1,NULL,NULL,'2026-06-22 06:13:33','2026-07-06 15:07:29',NULL),(335,NULL,4,17,NULL,'Fruit Shoot Nas Apple  275ml',NULL,NULL,NULL,NULL,NULL,NULL,NULL,NULL,NULL,NULL,NULL,NULL,NULL,NULL,NULL,NULL,NULL,NULL,10.99,NULL,NULL,NULL,NULL,NULL,NULL,NULL,NULL,1,NULL,NULL,'2026-06-22 06:13:33','2026-07-06 15:07:29',NULL),(336,NULL,4,18,NULL,'Powerade Golden Mango 500Ml',NULL,NULL,NULL,NULL,NULL,NULL,NULL,NULL,NULL,NULL,NULL,NULL,NULL,NULL,NULL,NULL,NULL,NULL,10.99,NULL,NULL,NULL,NULL,NULL,NULL,NULL,NULL,1,NULL,NULL,'2026-06-22 06:13:33','2026-07-06 15:07:29',NULL),(337,NULL,4,19,NULL,'Lucozade Alert Mango Peachade Pm 1.00 500Ml',NULL,NULL,NULL,NULL,NULL,NULL,NULL,NULL,NULL,NULL,NULL,NULL,NULL,NULL,NULL,NULL,NULL,NULL,10.99,NULL,NULL,NULL,NULL,NULL,NULL,NULL,NULL,1,NULL,NULL,'2026-06-22 06:13:33','2026-07-06 15:07:29',NULL),(338,NULL,6,20,NULL,'Green s Sponge Cake Chocolate PM 1.99 221g',NULL,NULL,NULL,NULL,NULL,NULL,NULL,NULL,NULL,NULL,NULL,NULL,NULL,NULL,NULL,NULL,NULL,NULL,10.99,NULL,NULL,NULL,NULL,NULL,NULL,NULL,NULL,1,NULL,NULL,'2026-06-22 06:13:33','2026-07-06 15:07:29',NULL),(339,NULL,9,21,NULL,'Rice Krispies Squares Cornflakes 30X31G 79P Pmp',NULL,NULL,NULL,NULL,NULL,NULL,NULL,NULL,NULL,NULL,NULL,NULL,NULL,NULL,NULL,NULL,NULL,NULL,10.99,NULL,NULL,NULL,NULL,NULL,NULL,NULL,NULL,1,NULL,NULL,'2026-06-22 06:13:33','2026-07-06 15:07:29',NULL),(340,NULL,7,22,NULL,'Bebeto Fizzy Peach Hearts 150G',NULL,NULL,NULL,NULL,NULL,NULL,NULL,NULL,NULL,NULL,NULL,NULL,NULL,NULL,NULL,NULL,NULL,NULL,10.99,NULL,NULL,NULL,NULL,NULL,NULL,NULL,NULL,1,NULL,NULL,'2026-06-22 06:13:33','2026-07-06 15:07:29',NULL),(341,NULL,6,23,NULL,'Heinz By Nature 6+ Months Egg Custard Rice Jar 6 X 120G',NULL,NULL,NULL,NULL,NULL,NULL,NULL,NULL,NULL,NULL,NULL,NULL,NULL,NULL,NULL,NULL,NULL,NULL,10.99,NULL,NULL,NULL,NULL,NULL,NULL,NULL,NULL,1,NULL,NULL,'2026-06-22 06:13:33','2026-07-06 15:07:29',NULL),(342,NULL,7,24,NULL,'Snickers Creamy Peanut Nut Butter Chocolate Trio Bar 54.75G',NULL,NULL,NULL,NULL,NULL,NULL,NULL,NULL,NULL,NULL,NULL,NULL,NULL,NULL,NULL,NULL,NULL,NULL,10.99,NULL,NULL,NULL,NULL,NULL,NULL,NULL,NULL,1,NULL,NULL,'2026-06-22 06:13:33','2026-07-06 15:07:29',NULL),(343,NULL,3,1,NULL,'Cadbury 140G Brunch Pnut 8Ca',NULL,NULL,NULL,NULL,NULL,NULL,NULL,NULL,NULL,NULL,NULL,NULL,NULL,NULL,NULL,NULL,NULL,NULL,10.99,NULL,NULL,NULL,NULL,NULL,NULL,NULL,NULL,1,NULL,NULL,'2026-06-22 06:13:33','2026-07-06 15:07:29',NULL),(344,NULL,7,25,NULL,'Chupa Chups Babol Apple 27g',NULL,NULL,NULL,NULL,NULL,NULL,NULL,NULL,NULL,NULL,NULL,NULL,NULL,NULL,NULL,NULL,NULL,NULL,10.99,NULL,NULL,NULL,NULL,NULL,NULL,NULL,NULL,1,NULL,NULL,'2026-06-22 06:13:33','2026-07-06 15:07:29',NULL),(345,NULL,NULL,26,NULL,'Hartleys Jam Raspberry Seedless Pm 1.99 300G',NULL,NULL,NULL,NULL,NULL,NULL,NULL,NULL,NULL,NULL,NULL,NULL,NULL,NULL,NULL,NULL,NULL,NULL,10.99,NULL,NULL,NULL,NULL,NULL,NULL,NULL,NULL,1,NULL,NULL,'2026-06-22 06:13:33','2026-07-06 15:07:29',NULL),(346,NULL,6,27,NULL,'John West Plant Power Harissa 145g',NULL,NULL,NULL,NULL,NULL,NULL,NULL,NULL,NULL,NULL,NULL,NULL,NULL,NULL,NULL,NULL,NULL,NULL,10.99,NULL,NULL,NULL,NULL,NULL,NULL,NULL,NULL,1,NULL,NULL,'2026-06-22 06:13:33','2026-07-06 15:07:29',NULL),(347,NULL,NULL,28,NULL,'Starbucks Pet Chilled Cofee Skinny Latte 220Ml',NULL,NULL,NULL,NULL,NULL,NULL,NULL,NULL,NULL,NULL,NULL,NULL,NULL,NULL,NULL,NULL,NULL,NULL,10.99,NULL,NULL,NULL,NULL,NULL,NULL,NULL,NULL,1,NULL,NULL,'2026-06-22 06:13:33','2026-07-06 15:07:29',NULL),(348,NULL,NULL,29,NULL,'Sheba Classica In Terrine With Chicken 85G',NULL,NULL,NULL,NULL,NULL,NULL,NULL,NULL,NULL,NULL,NULL,NULL,NULL,NULL,NULL,NULL,NULL,NULL,10.99,NULL,NULL,NULL,NULL,NULL,NULL,NULL,NULL,1,NULL,NULL,'2026-06-22 06:13:33','2026-07-06 15:07:29',NULL),(349,NULL,NULL,30,NULL,'Wafflemeister 90g Classic Liege Waffle',NULL,NULL,NULL,NULL,NULL,NULL,NULL,NULL,NULL,NULL,NULL,NULL,NULL,NULL,NULL,NULL,NULL,NULL,10.99,NULL,NULL,NULL,NULL,NULL,NULL,NULL,NULL,1,NULL,NULL,'2026-06-22 06:13:33','2026-07-06 15:07:29',NULL),(350,NULL,7,31,NULL,'Free From Fellows Cola Bottles 100G',NULL,NULL,NULL,NULL,NULL,NULL,NULL,NULL,NULL,NULL,NULL,NULL,NULL,NULL,NULL,NULL,NULL,NULL,10.99,NULL,NULL,NULL,NULL,NULL,NULL,NULL,NULL,1,NULL,NULL,'2026-06-22 06:13:33','2026-07-06 15:07:29',NULL),(351,NULL,4,32,NULL,'Galaxy Chocolate Milkshake 250Ml',NULL,NULL,NULL,NULL,NULL,NULL,NULL,NULL,NULL,NULL,NULL,NULL,NULL,NULL,NULL,NULL,NULL,NULL,10.99,NULL,NULL,NULL,NULL,NULL,NULL,NULL,NULL,1,NULL,NULL,'2026-06-22 06:13:33','2026-07-06 15:07:29',NULL),(352,NULL,7,33,NULL,'Haribo Happy Cola 160g',NULL,NULL,NULL,NULL,NULL,NULL,NULL,NULL,NULL,NULL,NULL,NULL,NULL,NULL,NULL,NULL,NULL,NULL,10.99,NULL,NULL,NULL,NULL,NULL,NULL,NULL,NULL,1,NULL,NULL,'2026-06-22 06:13:33','2026-07-06 15:07:29',NULL),(353,NULL,6,34,NULL,'Jack Links Biltong 20g',NULL,NULL,NULL,NULL,NULL,NULL,NULL,NULL,NULL,NULL,NULL,NULL,NULL,NULL,NULL,NULL,NULL,NULL,10.99,NULL,NULL,NULL,NULL,NULL,NULL,NULL,NULL,1,NULL,NULL,'2026-06-22 06:13:33','2026-07-06 15:07:29',NULL),(354,NULL,7,35,NULL,'Knoppers Nut Bar 40G',NULL,NULL,NULL,NULL,NULL,NULL,NULL,NULL,NULL,NULL,NULL,NULL,NULL,NULL,NULL,NULL,NULL,NULL,10.99,NULL,NULL,NULL,NULL,NULL,NULL,NULL,NULL,1,NULL,NULL,'2026-06-22 06:13:33','2026-07-06 15:07:29',NULL),(355,NULL,8,36,NULL,'Proper Chickpea Chips Ghost Chilli & Yuzu 85G',NULL,NULL,NULL,NULL,NULL,NULL,NULL,NULL,NULL,NULL,NULL,NULL,NULL,NULL,NULL,NULL,NULL,NULL,10.99,NULL,NULL,NULL,NULL,NULL,NULL,NULL,NULL,1,NULL,NULL,'2026-06-22 06:13:33','2026-07-06 15:07:29',NULL),(356,NULL,4,37,NULL,'Rubicon Spring Spk Pink Grapefruit Blood Orange 500Ml',NULL,NULL,NULL,NULL,NULL,NULL,NULL,NULL,NULL,NULL,NULL,NULL,NULL,NULL,NULL,NULL,NULL,NULL,10.99,NULL,NULL,NULL,NULL,NULL,NULL,NULL,NULL,1,NULL,NULL,'2026-06-22 06:13:33','2026-07-06 15:07:29',NULL),(357,NULL,7,38,NULL,'Beanies Bubble Gum 50g',NULL,NULL,NULL,NULL,NULL,NULL,NULL,NULL,NULL,NULL,NULL,NULL,NULL,NULL,NULL,NULL,NULL,NULL,10.99,NULL,NULL,NULL,NULL,NULL,NULL,NULL,NULL,1,NULL,NULL,'2026-06-22 06:13:33','2026-07-06 15:07:29',NULL),(358,NULL,4,39,NULL,'Jelly Belly Berry Blue Fruit Drink 330ml NRB',NULL,NULL,NULL,NULL,NULL,NULL,NULL,NULL,NULL,NULL,NULL,NULL,NULL,NULL,NULL,NULL,NULL,NULL,10.99,NULL,NULL,NULL,NULL,NULL,NULL,NULL,NULL,1,NULL,NULL,'2026-06-22 06:13:33','2026-07-06 15:07:29',NULL),(359,NULL,7,40,NULL,'Chewits Blue Raspberry Juicy Bites Bag 115G',NULL,NULL,NULL,NULL,NULL,NULL,NULL,NULL,NULL,NULL,NULL,NULL,NULL,NULL,NULL,NULL,NULL,NULL,10.99,NULL,NULL,NULL,NULL,NULL,NULL,NULL,NULL,1,NULL,NULL,'2026-06-22 06:13:33','2026-07-06 15:07:29',NULL),(360,NULL,7,41,NULL,'Brain Blasterz Candy Spray 28ml',NULL,NULL,NULL,NULL,NULL,NULL,NULL,NULL,NULL,NULL,NULL,NULL,NULL,NULL,NULL,NULL,NULL,NULL,10.99,NULL,NULL,NULL,NULL,NULL,NULL,NULL,NULL,1,NULL,NULL,'2026-06-22 06:13:33','2026-07-06 15:07:29',NULL),(361,NULL,8,42,NULL,'Force Protein Bar Birthday Cake 65g',NULL,NULL,NULL,NULL,NULL,NULL,NULL,NULL,NULL,NULL,NULL,NULL,NULL,NULL,NULL,NULL,NULL,NULL,10.99,NULL,NULL,NULL,NULL,NULL,NULL,NULL,NULL,1,NULL,NULL,'2026-06-22 06:13:33','2026-07-06 15:07:29',NULL),(362,NULL,4,43,NULL,'Cacaolat Nas 200Ml',NULL,NULL,NULL,NULL,NULL,NULL,NULL,NULL,NULL,NULL,NULL,NULL,NULL,NULL,NULL,NULL,NULL,NULL,10.99,NULL,NULL,NULL,NULL,NULL,NULL,NULL,NULL,1,NULL,NULL,'2026-06-22 06:13:33','2026-07-06 15:07:29',NULL),(363,NULL,6,44,NULL,'Filippo Berio Arrabiata Pasta Sauce 340g',NULL,NULL,NULL,NULL,NULL,NULL,NULL,NULL,NULL,NULL,NULL,NULL,NULL,NULL,NULL,NULL,NULL,NULL,10.99,NULL,NULL,NULL,NULL,NULL,NULL,NULL,NULL,1,NULL,NULL,'2026-06-22 06:13:33','2026-07-06 15:07:29',NULL),(364,NULL,6,45,NULL,'Carnation Evaporated Milk 12X410G Pmp £1.59',NULL,NULL,NULL,NULL,NULL,NULL,NULL,NULL,NULL,NULL,NULL,NULL,NULL,NULL,NULL,NULL,NULL,NULL,10.99,NULL,NULL,NULL,NULL,NULL,NULL,NULL,NULL,1,NULL,NULL,'2026-06-22 06:13:33','2026-07-06 15:07:29',NULL),(365,NULL,6,46,NULL,'Del Monte Pineapple Slices In Juice 6 X 3.01Kg',NULL,NULL,NULL,NULL,NULL,NULL,NULL,NULL,NULL,NULL,NULL,NULL,NULL,NULL,NULL,NULL,NULL,NULL,10.99,NULL,NULL,NULL,NULL,NULL,NULL,NULL,NULL,1,NULL,NULL,'2026-06-22 06:13:33','2026-07-06 15:07:29',NULL),(366,NULL,7,47,NULL,'Barratt Milk Straws Black Jack 10S',NULL,NULL,NULL,NULL,NULL,NULL,NULL,NULL,NULL,NULL,NULL,NULL,NULL,NULL,NULL,NULL,NULL,NULL,10.99,NULL,NULL,NULL,NULL,NULL,NULL,NULL,NULL,1,NULL,NULL,'2026-06-22 06:13:33','2026-07-06 15:07:29',NULL),(367,NULL,7,48,NULL,'Wham Extreme Stick Pack 36G',NULL,NULL,NULL,NULL,NULL,NULL,NULL,NULL,NULL,NULL,NULL,NULL,NULL,NULL,NULL,NULL,NULL,NULL,10.99,NULL,NULL,NULL,NULL,NULL,NULL,NULL,NULL,1,NULL,NULL,'2026-06-22 06:13:33','2026-07-06 15:07:29',NULL),(368,NULL,4,49,NULL,'Zodiac Bubblegum  330Ml',NULL,NULL,NULL,NULL,NULL,NULL,NULL,NULL,NULL,NULL,NULL,NULL,NULL,NULL,NULL,NULL,NULL,NULL,10.99,NULL,NULL,NULL,NULL,NULL,NULL,NULL,NULL,1,NULL,NULL,'2026-06-22 06:13:33','2026-07-06 15:07:29',NULL),(369,NULL,8,50,NULL,'Huntley & Palmer MINI DIPPER 5PK X 18',NULL,NULL,NULL,NULL,NULL,NULL,NULL,NULL,NULL,NULL,NULL,NULL,NULL,NULL,NULL,NULL,NULL,NULL,10.99,NULL,NULL,NULL,NULL,NULL,NULL,NULL,NULL,1,NULL,NULL,'2026-06-22 06:13:34','2026-07-06 15:07:29',NULL),(370,NULL,8,51,NULL,'Eat Real Chilli & Lemon Hummus Chips 110G',NULL,NULL,NULL,NULL,NULL,NULL,NULL,NULL,NULL,NULL,NULL,NULL,NULL,NULL,NULL,NULL,NULL,NULL,10.99,NULL,NULL,NULL,NULL,NULL,NULL,NULL,NULL,1,NULL,NULL,'2026-06-22 06:13:34','2026-07-06 15:07:29',NULL),(371,NULL,7,52,NULL,'Grenade Caramel Chaos Protein Bar 60G',NULL,NULL,NULL,NULL,NULL,NULL,NULL,NULL,NULL,NULL,NULL,NULL,NULL,NULL,NULL,NULL,NULL,NULL,10.99,NULL,NULL,NULL,NULL,NULL,NULL,NULL,NULL,1,NULL,NULL,'2026-06-22 06:13:34','2026-07-06 15:07:29',NULL),(372,NULL,7,53,NULL,'Fazer Dumle Original 150G',NULL,NULL,NULL,NULL,NULL,NULL,NULL,NULL,NULL,NULL,NULL,NULL,NULL,NULL,NULL,NULL,NULL,NULL,10.99,NULL,NULL,NULL,NULL,NULL,NULL,NULL,NULL,1,NULL,NULL,'2026-06-22 06:13:34','2026-07-06 15:07:29',NULL),(373,NULL,6,54,NULL,'Pathos Mushrooms Sliced 2.5Kg',NULL,NULL,NULL,NULL,NULL,NULL,NULL,NULL,NULL,NULL,NULL,NULL,NULL,NULL,NULL,NULL,NULL,NULL,10.99,NULL,NULL,NULL,NULL,NULL,NULL,NULL,NULL,1,NULL,NULL,'2026-06-22 06:13:34','2026-07-06 15:07:29',NULL),(374,NULL,8,55,NULL,'Walkers Max Paprika 27G 6Pk 27G',NULL,NULL,NULL,NULL,NULL,NULL,NULL,NULL,NULL,NULL,NULL,NULL,NULL,NULL,NULL,NULL,NULL,NULL,10.99,NULL,NULL,NULL,NULL,NULL,NULL,NULL,NULL,1,NULL,NULL,'2026-06-22 06:13:34','2026-07-06 15:07:29',NULL),(375,NULL,NULL,56,NULL,'Warrior Protein Water - Berry x12 500ml Bottles',NULL,NULL,NULL,NULL,NULL,NULL,NULL,NULL,NULL,NULL,NULL,NULL,NULL,NULL,NULL,NULL,NULL,NULL,10.99,NULL,NULL,NULL,NULL,NULL,NULL,NULL,NULL,1,NULL,NULL,'2026-06-22 06:13:34','2026-07-06 15:07:29',NULL),(376,NULL,NULL,57,NULL,'CADBURY MILK DRINK CARAMEL',NULL,NULL,NULL,NULL,NULL,NULL,NULL,NULL,NULL,NULL,NULL,NULL,NULL,NULL,NULL,NULL,NULL,NULL,10.99,NULL,NULL,NULL,NULL,NULL,NULL,NULL,NULL,1,NULL,NULL,'2026-06-22 06:13:34','2026-07-06 15:07:29',NULL),(377,NULL,7,58,NULL,'Ritter Salted Caramel 100g',NULL,NULL,NULL,NULL,NULL,NULL,NULL,NULL,NULL,NULL,NULL,NULL,NULL,NULL,NULL,NULL,NULL,NULL,10.99,NULL,NULL,NULL,NULL,NULL,NULL,NULL,NULL,1,NULL,NULL,'2026-06-22 06:13:34','2026-07-06 15:07:29',NULL),(378,NULL,9,59,NULL,'Weetabix Chocolate',NULL,NULL,NULL,NULL,NULL,NULL,NULL,NULL,NULL,NULL,NULL,NULL,NULL,NULL,NULL,NULL,NULL,NULL,10.99,NULL,NULL,NULL,NULL,NULL,NULL,NULL,NULL,1,NULL,NULL,'2026-06-22 06:13:34','2026-07-06 15:07:29',NULL),(379,NULL,3,60,NULL,'Bahlsen 10pk Pick Up! Minis',NULL,NULL,NULL,NULL,NULL,NULL,NULL,NULL,NULL,NULL,NULL,NULL,NULL,NULL,NULL,NULL,NULL,NULL,10.99,NULL,NULL,NULL,NULL,NULL,NULL,NULL,NULL,1,NULL,NULL,'2026-06-22 06:13:34','2026-07-06 15:07:29',NULL),(380,NULL,4,61,NULL,'CAWSTON Cloudy Apple Juice',NULL,NULL,NULL,NULL,NULL,NULL,NULL,NULL,NULL,NULL,NULL,NULL,NULL,NULL,NULL,NULL,NULL,NULL,10.99,NULL,NULL,NULL,NULL,NULL,NULL,NULL,NULL,1,NULL,NULL,'2026-06-22 06:13:34','2026-07-06 15:07:29',NULL),(381,NULL,7,62,NULL,'Diablo No Added Sugar Milk Chocolate  85g  x15',NULL,NULL,NULL,NULL,NULL,NULL,NULL,NULL,NULL,NULL,NULL,NULL,NULL,NULL,NULL,NULL,NULL,NULL,10.99,NULL,NULL,NULL,NULL,NULL,NULL,NULL,NULL,1,NULL,NULL,'2026-06-22 06:13:34','2026-07-06 15:07:29',NULL),(382,NULL,7,63,NULL,'Vidal 6X150 TONGUE PAINTER LOLLIES',NULL,NULL,NULL,NULL,NULL,NULL,NULL,NULL,NULL,NULL,NULL,NULL,NULL,NULL,NULL,NULL,NULL,NULL,10.99,NULL,NULL,NULL,NULL,NULL,NULL,NULL,NULL,1,NULL,NULL,'2026-06-22 06:13:34','2026-07-06 15:07:29',NULL),(383,NULL,6,64,NULL,'Dole Mandarin in Juice 4-pack 4 x 113g',NULL,NULL,NULL,NULL,NULL,NULL,NULL,NULL,NULL,NULL,NULL,NULL,NULL,NULL,NULL,NULL,NULL,NULL,10.99,NULL,NULL,NULL,NULL,NULL,NULL,NULL,NULL,1,NULL,NULL,'2026-06-22 06:13:34','2026-07-06 15:07:29',NULL),(384,NULL,9,65,NULL,'Fuel10K Chocolate Breakfast Milk Drink',NULL,NULL,NULL,NULL,NULL,NULL,NULL,NULL,NULL,NULL,NULL,NULL,NULL,NULL,NULL,NULL,NULL,NULL,10.99,NULL,NULL,NULL,NULL,NULL,NULL,NULL,NULL,1,NULL,NULL,'2026-06-22 06:13:34','2026-07-06 15:07:29',NULL),(385,NULL,5,66,NULL,'Typhoo Eco Refill £1.29 Pmp',NULL,NULL,NULL,NULL,NULL,NULL,NULL,NULL,NULL,NULL,NULL,NULL,NULL,NULL,NULL,NULL,NULL,NULL,10.99,NULL,NULL,NULL,NULL,NULL,NULL,NULL,NULL,1,NULL,NULL,'2026-06-22 06:13:34','2026-07-06 15:07:29',NULL),(386,NULL,5,67,NULL,'London Fruit And Herb Lemon & Ginger',NULL,NULL,NULL,NULL,NULL,NULL,NULL,NULL,NULL,NULL,NULL,NULL,NULL,NULL,NULL,NULL,NULL,NULL,10.99,NULL,NULL,NULL,NULL,NULL,NULL,NULL,NULL,1,NULL,NULL,'2026-06-22 06:13:34','2026-07-06 15:07:29',NULL),(387,NULL,5,68,NULL,'HORLICKS INSTANT MALTED 400G JAR',NULL,NULL,NULL,NULL,NULL,NULL,NULL,NULL,NULL,NULL,NULL,NULL,NULL,NULL,NULL,NULL,NULL,NULL,10.99,NULL,NULL,NULL,NULL,NULL,NULL,NULL,NULL,1,NULL,NULL,'2026-06-22 06:13:34','2026-07-06 15:07:29',NULL),(388,NULL,7,69,NULL,'Fini Halal Fizzy Watermelon Slices 12Bx75G',NULL,NULL,NULL,NULL,NULL,NULL,NULL,NULL,NULL,NULL,NULL,NULL,NULL,NULL,NULL,NULL,NULL,NULL,10.99,NULL,NULL,NULL,NULL,NULL,NULL,NULL,NULL,1,NULL,NULL,'2026-06-22 06:13:34','2026-07-06 15:07:29',NULL),(389,NULL,3,70,NULL,'Bounty Secret Centre 132G X 12',NULL,NULL,NULL,NULL,NULL,NULL,NULL,NULL,NULL,NULL,NULL,NULL,NULL,NULL,NULL,NULL,NULL,NULL,10.99,NULL,NULL,NULL,NULL,NULL,NULL,NULL,NULL,1,NULL,NULL,'2026-06-22 06:13:34','2026-07-06 15:07:29',NULL),(390,NULL,4,71,NULL,'Freez Mix Sparkling Blue Hawaii (Tropical Fruits) Flavour Drink 4X6Pk 275Ml',NULL,NULL,NULL,NULL,NULL,NULL,NULL,NULL,NULL,NULL,NULL,NULL,NULL,NULL,NULL,NULL,NULL,NULL,10.99,NULL,NULL,NULL,NULL,NULL,NULL,NULL,NULL,1,NULL,NULL,'2026-06-22 06:13:34','2026-07-06 15:07:29',NULL),(391,NULL,4,72,NULL,'Score Immune Blueberry Flavour 500Ml',NULL,NULL,NULL,NULL,NULL,NULL,NULL,NULL,NULL,NULL,NULL,NULL,NULL,NULL,NULL,NULL,NULL,NULL,10.99,NULL,NULL,NULL,NULL,NULL,NULL,NULL,NULL,1,NULL,NULL,'2026-06-22 06:13:34','2026-07-06 15:07:29',NULL),(392,NULL,7,73,NULL,'Elizabeth Shaw Dark Mint Creme - 200S 2.45Kg',NULL,NULL,NULL,NULL,NULL,NULL,NULL,NULL,NULL,NULL,NULL,NULL,NULL,NULL,NULL,NULL,NULL,NULL,10.99,NULL,NULL,NULL,NULL,NULL,NULL,NULL,NULL,1,NULL,NULL,'2026-06-22 06:13:34','2026-07-06 15:07:29',NULL),(393,NULL,6,74,NULL,'Tassimo Costa Cappuccino Coffee Pods 8pk',NULL,NULL,NULL,NULL,NULL,NULL,NULL,NULL,NULL,NULL,NULL,NULL,NULL,NULL,NULL,NULL,NULL,NULL,10.99,NULL,NULL,NULL,NULL,NULL,NULL,NULL,NULL,1,NULL,NULL,'2026-06-22 06:13:34','2026-07-06 15:07:29',NULL),(394,NULL,6,75,NULL,'Bens Original Caribbean RTH 220g',NULL,NULL,NULL,NULL,NULL,NULL,NULL,NULL,NULL,NULL,NULL,NULL,NULL,NULL,NULL,NULL,NULL,NULL,10.99,NULL,NULL,NULL,NULL,NULL,NULL,NULL,NULL,1,NULL,NULL,'2026-06-22 06:13:34','2026-07-06 15:07:29',NULL),(395,NULL,7,76,NULL,'Rolo Multipack 12(4X41.6G) Pr £1.85 Xb Mpacks',NULL,NULL,NULL,NULL,NULL,NULL,NULL,NULL,NULL,NULL,NULL,NULL,NULL,NULL,NULL,NULL,NULL,NULL,10.99,NULL,NULL,NULL,NULL,NULL,NULL,NULL,NULL,1,NULL,NULL,'2026-06-22 06:13:34','2026-07-06 15:07:29',NULL),(396,NULL,6,77,NULL,'Mcdougalls Fish Batter Mix 3.5Kg',NULL,NULL,NULL,NULL,NULL,NULL,NULL,NULL,NULL,NULL,NULL,NULL,NULL,NULL,NULL,NULL,NULL,NULL,10.99,NULL,NULL,NULL,NULL,NULL,NULL,NULL,NULL,1,NULL,NULL,'2026-06-22 06:13:34','2026-07-06 15:07:29',NULL),(397,NULL,6,78,NULL,'Cawoods Sardines In Spiced Soya Oil 125G',NULL,NULL,NULL,NULL,NULL,NULL,NULL,NULL,NULL,NULL,NULL,NULL,NULL,NULL,NULL,NULL,NULL,NULL,10.99,NULL,NULL,NULL,NULL,NULL,NULL,NULL,NULL,1,NULL,NULL,'2026-06-22 06:13:34','2026-07-06 15:07:29',NULL),(398,NULL,NULL,79,NULL,'Wow Hydrate Electrolyte Lemon & Lime Water 500ml',NULL,NULL,NULL,NULL,NULL,NULL,NULL,NULL,NULL,NULL,NULL,NULL,NULL,NULL,NULL,NULL,NULL,NULL,10.99,NULL,NULL,NULL,NULL,NULL,NULL,NULL,NULL,1,NULL,NULL,'2026-06-22 06:13:34','2026-07-06 15:07:29',NULL),(399,NULL,7,4,NULL,'Nestle Damak Caramel Croquant with Pistachio 6x60g',NULL,NULL,NULL,NULL,NULL,NULL,NULL,NULL,NULL,NULL,NULL,NULL,NULL,NULL,NULL,NULL,NULL,NULL,10.99,NULL,NULL,NULL,NULL,NULL,NULL,NULL,NULL,1,NULL,NULL,'2026-06-22 06:13:34','2026-07-06 15:07:29',NULL),(400,NULL,4,80,NULL,'Prime Hydration Drink 12x500mL Haaland V2 (made to order)',NULL,NULL,NULL,NULL,NULL,NULL,NULL,NULL,NULL,NULL,NULL,NULL,NULL,NULL,NULL,NULL,NULL,NULL,10.99,NULL,NULL,NULL,NULL,NULL,NULL,NULL,NULL,1,NULL,NULL,'2026-06-22 06:13:34','2026-07-06 15:07:29',NULL),(401,NULL,8,81,NULL,'Yubi Bar Protein Bars Choc Orange 35G',NULL,NULL,NULL,NULL,NULL,NULL,NULL,NULL,NULL,NULL,NULL,NULL,NULL,NULL,NULL,NULL,NULL,NULL,10.99,NULL,NULL,NULL,NULL,NULL,NULL,NULL,NULL,1,NULL,NULL,'2026-06-22 06:13:34','2026-07-06 15:07:29',NULL),(402,NULL,7,82,NULL,'Kidsmania Chatty Chomper Candy Lollipop 17G',NULL,NULL,NULL,NULL,NULL,NULL,NULL,NULL,NULL,NULL,NULL,NULL,NULL,NULL,NULL,NULL,NULL,NULL,10.99,NULL,NULL,NULL,NULL,NULL,NULL,NULL,NULL,1,NULL,NULL,'2026-06-22 06:13:34','2026-07-06 15:07:29',NULL),(403,NULL,7,83,NULL,'Baileys Original 35g Bar',NULL,NULL,NULL,NULL,NULL,NULL,NULL,NULL,NULL,NULL,NULL,NULL,NULL,NULL,NULL,NULL,NULL,NULL,10.99,NULL,NULL,NULL,NULL,NULL,NULL,NULL,NULL,1,NULL,NULL,'2026-06-22 06:13:34','2026-07-06 15:07:29',NULL),(404,NULL,7,84,NULL,'Quality Street Box  265 g',NULL,NULL,NULL,NULL,NULL,NULL,NULL,NULL,NULL,NULL,NULL,NULL,NULL,NULL,NULL,NULL,NULL,NULL,10.99,NULL,NULL,NULL,NULL,NULL,NULL,NULL,NULL,1,NULL,NULL,'2026-06-22 06:13:34','2026-07-06 15:07:29',NULL),(405,NULL,8,85,NULL,'Cathedral City Baked Bites (19.2g x 5) x 15 srp',NULL,NULL,NULL,NULL,NULL,NULL,NULL,NULL,NULL,NULL,NULL,NULL,NULL,NULL,NULL,NULL,NULL,NULL,10.99,NULL,NULL,NULL,NULL,NULL,NULL,NULL,NULL,1,NULL,NULL,'2026-06-22 06:13:34','2026-07-06 15:07:29',NULL),(406,NULL,7,86,NULL,'Cheery Chews Gummy Rush Atomic Peaches Tub 150G',NULL,NULL,NULL,NULL,NULL,NULL,NULL,NULL,NULL,NULL,NULL,NULL,NULL,NULL,NULL,NULL,NULL,NULL,10.99,NULL,NULL,NULL,NULL,NULL,NULL,NULL,NULL,1,NULL,NULL,'2026-06-22 06:13:34','2026-07-06 15:07:29',NULL),(407,NULL,8,87,NULL,'Skips Prawn Cocktail PM 50p 17g',NULL,NULL,NULL,NULL,NULL,NULL,NULL,NULL,NULL,NULL,NULL,NULL,NULL,NULL,NULL,NULL,NULL,NULL,10.99,NULL,NULL,NULL,NULL,NULL,NULL,NULL,NULL,1,NULL,NULL,'2026-06-22 06:13:34','2026-07-06 15:07:29',NULL),(408,NULL,7,88,NULL,'Reeses Big Cup Puffs 9X16X98G',NULL,NULL,NULL,NULL,NULL,NULL,NULL,NULL,NULL,NULL,NULL,NULL,NULL,NULL,NULL,NULL,NULL,NULL,10.99,NULL,NULL,NULL,NULL,NULL,NULL,NULL,NULL,1,NULL,NULL,'2026-06-22 06:13:34','2026-07-06 15:07:29',NULL),(409,NULL,NULL,89,NULL,'HELL ICE COFFEE DOUBLE ESPRESSO',NULL,NULL,NULL,NULL,NULL,NULL,NULL,NULL,NULL,NULL,NULL,NULL,NULL,NULL,NULL,NULL,NULL,NULL,10.99,NULL,NULL,NULL,NULL,NULL,NULL,NULL,NULL,1,NULL,NULL,'2026-06-22 06:13:34','2026-07-06 15:07:29',NULL),(410,NULL,4,90,NULL,'MEGA BRAIN LICKER SOUR BLUE RASPBERRY CANDY DRINK',NULL,NULL,NULL,NULL,NULL,NULL,NULL,NULL,NULL,NULL,NULL,NULL,NULL,NULL,NULL,NULL,NULL,NULL,10.99,NULL,NULL,NULL,NULL,NULL,NULL,NULL,NULL,1,NULL,NULL,'2026-06-22 06:13:34','2026-07-06 15:07:29',NULL),(411,NULL,7,91,NULL,'Millions Tubes Strawberry 55g',NULL,NULL,NULL,NULL,NULL,NULL,NULL,NULL,NULL,NULL,NULL,NULL,NULL,NULL,NULL,NULL,NULL,NULL,10.99,NULL,NULL,NULL,NULL,NULL,NULL,NULL,NULL,1,NULL,NULL,'2026-06-22 06:13:34','2026-07-06 15:07:29',NULL),(412,NULL,8,92,NULL,'Barebells Marshmallow Rocky Roan Soft Protein Bar 55G',NULL,NULL,NULL,NULL,NULL,NULL,NULL,NULL,NULL,NULL,NULL,NULL,NULL,NULL,NULL,NULL,NULL,NULL,10.99,NULL,NULL,NULL,NULL,NULL,NULL,NULL,NULL,1,NULL,NULL,'2026-06-22 06:13:34','2026-07-06 15:07:29',NULL),(413,NULL,NULL,93,NULL,'Felix As Good As It Looks Favourites Selection Wet Cat Foodpm 4.75 12 X 85G',NULL,NULL,NULL,NULL,NULL,NULL,NULL,NULL,NULL,NULL,NULL,NULL,NULL,NULL,NULL,NULL,NULL,NULL,10.99,NULL,NULL,NULL,NULL,NULL,NULL,NULL,NULL,1,NULL,NULL,'2026-06-22 06:13:34','2026-07-06 15:07:29',NULL),(414,NULL,4,94,NULL,'Vita Coco Pressed 330Ml',NULL,NULL,NULL,NULL,NULL,NULL,NULL,NULL,NULL,NULL,NULL,NULL,NULL,NULL,NULL,NULL,NULL,NULL,10.99,NULL,NULL,NULL,NULL,NULL,NULL,NULL,NULL,1,NULL,NULL,'2026-06-22 06:13:34','2026-07-06 15:07:29',NULL),(415,NULL,8,95,NULL,'Seabrook Loaded Fire Eaters Smokehouse Cayenne PM 1.25 65G',NULL,NULL,NULL,NULL,NULL,NULL,NULL,NULL,NULL,NULL,NULL,NULL,NULL,NULL,NULL,NULL,NULL,NULL,10.99,NULL,NULL,NULL,NULL,NULL,NULL,NULL,NULL,1,NULL,NULL,'2026-06-22 06:13:34','2026-07-06 15:07:29',NULL),(416,NULL,4,96,NULL,'Huel Daily A-Z Cherry & Raspberry 330Ml',NULL,NULL,NULL,NULL,NULL,NULL,NULL,NULL,NULL,NULL,NULL,NULL,NULL,NULL,NULL,NULL,NULL,NULL,10.99,NULL,NULL,NULL,NULL,NULL,NULL,NULL,NULL,1,NULL,NULL,'2026-06-22 06:13:34','2026-07-06 15:07:29',NULL),(417,NULL,NULL,97,NULL,'Celtic Spring Sports Cap 1L',NULL,NULL,NULL,NULL,NULL,NULL,NULL,NULL,NULL,NULL,NULL,NULL,NULL,NULL,NULL,NULL,NULL,NULL,10.99,NULL,NULL,NULL,NULL,NULL,NULL,NULL,NULL,1,NULL,NULL,'2026-06-22 06:13:34','2026-07-06 15:07:29',NULL),(418,NULL,6,98,NULL,'Milo Powder Ghana 400G',NULL,NULL,NULL,NULL,NULL,NULL,NULL,NULL,NULL,NULL,NULL,NULL,NULL,NULL,NULL,NULL,NULL,NULL,10.99,NULL,NULL,NULL,NULL,NULL,NULL,NULL,NULL,1,NULL,NULL,'2026-06-22 06:13:34','2026-07-06 15:07:29',NULL),(419,NULL,6,99,NULL,'PRINCES TUNA CHNK SFO 12X145G PMP £1.59',NULL,NULL,NULL,NULL,NULL,NULL,NULL,NULL,NULL,NULL,NULL,NULL,NULL,NULL,NULL,NULL,NULL,NULL,10.99,NULL,NULL,NULL,NULL,NULL,NULL,NULL,NULL,1,NULL,NULL,'2026-06-22 06:13:34','2026-07-06 15:07:29',NULL),(420,NULL,7,100,NULL,'Beech\'s Champagne Truffles',NULL,NULL,NULL,NULL,NULL,NULL,NULL,NULL,NULL,NULL,NULL,NULL,NULL,NULL,NULL,NULL,NULL,NULL,10.99,NULL,NULL,NULL,NULL,NULL,NULL,NULL,NULL,1,NULL,NULL,'2026-06-22 06:13:34','2026-07-06 15:07:29',NULL),(421,NULL,7,101,NULL,'Milka Cow Spots 90G',NULL,NULL,NULL,NULL,NULL,NULL,NULL,NULL,NULL,NULL,NULL,NULL,NULL,NULL,NULL,NULL,NULL,NULL,10.99,NULL,NULL,NULL,NULL,NULL,NULL,NULL,NULL,1,NULL,NULL,'2026-06-22 06:13:34','2026-07-06 15:07:29',NULL),(422,NULL,7,102,NULL,'McVities Hobnobs Chocolate Flapjack PM 1.49 5Pk',NULL,NULL,NULL,NULL,NULL,NULL,NULL,NULL,NULL,NULL,NULL,NULL,NULL,NULL,NULL,NULL,NULL,NULL,10.99,NULL,NULL,NULL,NULL,NULL,NULL,NULL,NULL,1,NULL,NULL,'2026-06-22 06:13:34','2026-07-06 15:07:29',NULL),(423,NULL,6,103,NULL,'Tate & Lyles Topping Syrup Butterscotch 325g',NULL,NULL,NULL,NULL,NULL,NULL,NULL,NULL,NULL,NULL,NULL,NULL,NULL,NULL,NULL,NULL,NULL,NULL,10.99,NULL,NULL,NULL,NULL,NULL,NULL,NULL,NULL,1,NULL,NULL,'2026-06-22 06:13:34','2026-07-06 15:07:29',NULL),(424,NULL,8,104,NULL,'Lorenz Crunchips XCut Cheese & Onion 12x75g',NULL,NULL,NULL,NULL,NULL,NULL,NULL,NULL,NULL,NULL,NULL,NULL,NULL,NULL,NULL,NULL,NULL,NULL,10.99,NULL,NULL,NULL,NULL,NULL,NULL,NULL,NULL,1,NULL,NULL,'2026-06-22 06:13:34','2026-07-06 15:07:29',NULL),(425,NULL,NULL,105,NULL,'Aquafresh Kids Milk Teeth 50Ml',NULL,NULL,NULL,NULL,NULL,NULL,NULL,NULL,NULL,NULL,NULL,NULL,NULL,NULL,NULL,NULL,NULL,NULL,10.99,NULL,NULL,NULL,NULL,NULL,NULL,NULL,NULL,1,NULL,NULL,'2026-06-22 06:13:34','2026-07-06 15:07:29',NULL),(426,NULL,9,106,NULL,'Mornflake Chocolate Squares Pmp 2.49 375G',NULL,NULL,NULL,NULL,NULL,NULL,NULL,NULL,NULL,NULL,NULL,NULL,NULL,NULL,NULL,NULL,NULL,NULL,10.99,NULL,NULL,NULL,NULL,NULL,NULL,NULL,NULL,1,NULL,NULL,'2026-06-22 06:13:34','2026-07-06 15:07:29',NULL),(427,NULL,8,107,NULL,'Pastri Shop - Choc Drizzle Pastries 3Pk 165G',NULL,NULL,NULL,NULL,NULL,NULL,NULL,NULL,NULL,NULL,NULL,NULL,NULL,NULL,NULL,NULL,NULL,NULL,10.99,NULL,NULL,NULL,NULL,NULL,NULL,NULL,NULL,1,NULL,NULL,'2026-06-22 06:13:34','2026-07-06 15:07:29',NULL),(428,NULL,7,108,NULL,'Swizzels 6X60 Refreshers Tropical Chew Bar',NULL,NULL,NULL,NULL,NULL,NULL,NULL,NULL,NULL,NULL,NULL,NULL,NULL,NULL,NULL,NULL,NULL,NULL,10.99,NULL,NULL,NULL,NULL,NULL,NULL,NULL,NULL,1,NULL,NULL,'2026-06-22 06:13:34','2026-07-06 15:07:29',NULL),(429,NULL,7,109,NULL,'Bob Snail Choco Crush - Dark Choc Apple Cherry 30G',NULL,NULL,NULL,NULL,NULL,NULL,NULL,NULL,NULL,NULL,NULL,NULL,NULL,NULL,NULL,NULL,NULL,NULL,10.99,NULL,NULL,NULL,NULL,NULL,NULL,NULL,NULL,1,NULL,NULL,'2026-06-22 06:13:34','2026-07-06 15:07:29',NULL),(430,NULL,NULL,110,NULL,'CLEAN UPS 2PK MICROFIBRE KITCHEN CLOTHS',NULL,NULL,NULL,NULL,NULL,NULL,NULL,NULL,NULL,NULL,NULL,NULL,NULL,NULL,NULL,NULL,NULL,NULL,10.99,NULL,NULL,NULL,NULL,NULL,NULL,NULL,NULL,1,NULL,NULL,'2026-06-22 06:13:34','2026-07-06 15:07:29',NULL),(431,NULL,NULL,111,NULL,'Tenzing Lime And Mint 330Ml',NULL,NULL,NULL,NULL,NULL,NULL,NULL,NULL,NULL,NULL,NULL,NULL,NULL,NULL,NULL,NULL,NULL,NULL,10.99,NULL,NULL,NULL,NULL,NULL,NULL,NULL,NULL,1,NULL,NULL,'2026-06-22 06:13:34','2026-07-06 15:07:29',NULL),(432,NULL,6,112,NULL,'CROWN SWEET CORN 3X8',NULL,NULL,NULL,NULL,NULL,NULL,NULL,NULL,NULL,NULL,NULL,NULL,NULL,NULL,NULL,NULL,NULL,NULL,10.99,NULL,NULL,NULL,NULL,NULL,NULL,NULL,NULL,1,NULL,NULL,'2026-06-22 06:13:34','2026-07-06 15:07:29',NULL),(433,NULL,NULL,113,NULL,'Dylon Spray Starch With Easy Iron 300Ml',NULL,NULL,NULL,NULL,NULL,NULL,NULL,NULL,NULL,NULL,NULL,NULL,NULL,NULL,NULL,NULL,NULL,NULL,10.99,NULL,NULL,NULL,NULL,NULL,NULL,NULL,NULL,1,NULL,NULL,'2026-06-22 06:13:34','2026-07-06 15:07:29',NULL),(434,NULL,NULL,114,NULL,'Buxton Sparkling 8x50cl MP Semi',NULL,NULL,NULL,NULL,NULL,NULL,NULL,NULL,NULL,NULL,NULL,NULL,NULL,NULL,NULL,NULL,NULL,NULL,10.99,NULL,NULL,NULL,NULL,NULL,NULL,NULL,NULL,1,NULL,NULL,'2026-06-22 06:13:34','2026-07-06 15:07:29',NULL),(435,NULL,NULL,115,NULL,'Perrier Water 4 x 330cl',NULL,NULL,NULL,NULL,NULL,NULL,NULL,NULL,NULL,NULL,NULL,NULL,NULL,NULL,NULL,NULL,NULL,NULL,10.99,NULL,NULL,NULL,NULL,NULL,NULL,NULL,NULL,1,NULL,NULL,'2026-06-22 06:13:34','2026-07-06 15:07:29',NULL),(436,NULL,6,116,NULL,'Sarsons Dip & Drizzle Original 250G',NULL,NULL,NULL,NULL,NULL,NULL,NULL,NULL,NULL,NULL,NULL,NULL,NULL,NULL,NULL,NULL,NULL,NULL,10.99,NULL,NULL,NULL,NULL,NULL,NULL,NULL,NULL,1,NULL,NULL,'2026-06-22 06:13:34','2026-07-06 15:07:29',NULL),(437,NULL,NULL,117,NULL,'Freedom 4pk 2ply TT Soft White',NULL,NULL,NULL,NULL,NULL,NULL,NULL,NULL,NULL,NULL,NULL,NULL,NULL,NULL,NULL,NULL,NULL,NULL,10.99,NULL,NULL,NULL,NULL,NULL,NULL,NULL,NULL,1,NULL,NULL,'2026-06-22 06:13:34','2026-07-06 15:07:29',NULL),(438,NULL,4,118,NULL,'KULANA ORANGE BLEND JUICE 12X1LTR SLIM',NULL,NULL,NULL,NULL,NULL,NULL,NULL,NULL,NULL,NULL,NULL,NULL,NULL,NULL,NULL,NULL,NULL,NULL,10.99,NULL,NULL,NULL,NULL,NULL,NULL,NULL,NULL,1,NULL,NULL,'2026-06-22 06:13:34','2026-07-06 15:07:29',NULL),(439,NULL,8,119,NULL,'Kettle Lightly Salted 130g',NULL,NULL,NULL,NULL,NULL,NULL,NULL,NULL,NULL,NULL,NULL,NULL,NULL,NULL,NULL,NULL,NULL,NULL,10.99,NULL,NULL,NULL,NULL,NULL,NULL,NULL,NULL,1,NULL,NULL,'2026-06-22 06:13:34','2026-07-06 15:07:29',NULL),(440,NULL,NULL,120,NULL,'Tropicana Apple PM 1.50 250Ml',NULL,NULL,NULL,NULL,NULL,NULL,NULL,NULL,NULL,NULL,NULL,NULL,NULL,NULL,NULL,NULL,NULL,NULL,10.99,NULL,NULL,NULL,NULL,NULL,NULL,NULL,NULL,1,NULL,NULL,'2026-06-22 06:13:34','2026-07-06 15:07:29',NULL),(441,NULL,6,121,NULL,'Pot Noodle Sticky Rib 90g',NULL,NULL,NULL,NULL,NULL,NULL,NULL,NULL,NULL,NULL,NULL,NULL,NULL,NULL,NULL,NULL,NULL,NULL,10.99,NULL,NULL,NULL,NULL,NULL,NULL,NULL,NULL,1,NULL,NULL,'2026-06-22 06:13:34','2026-07-06 15:07:29',NULL),(442,NULL,8,122,NULL,'Munchkings Pretzel Crush, Honey, Mustard, Onion',NULL,NULL,NULL,NULL,NULL,NULL,NULL,NULL,NULL,NULL,NULL,NULL,NULL,NULL,NULL,NULL,NULL,NULL,10.99,NULL,NULL,NULL,NULL,NULL,NULL,NULL,NULL,1,NULL,NULL,'2026-06-22 06:13:34','2026-07-06 15:07:29',NULL),(443,NULL,4,123,NULL,'Levi Roots Caribbean Crush Pm 1.15 500Ml',NULL,NULL,NULL,NULL,NULL,NULL,NULL,NULL,NULL,NULL,NULL,NULL,NULL,NULL,NULL,NULL,NULL,NULL,10.99,NULL,NULL,NULL,NULL,NULL,NULL,NULL,NULL,1,NULL,NULL,'2026-06-22 06:13:34','2026-07-06 15:07:29',NULL),(444,NULL,7,124,NULL,'Sweetzone Blue Raspberry Bottles',NULL,NULL,NULL,NULL,NULL,NULL,NULL,NULL,NULL,NULL,NULL,NULL,NULL,NULL,NULL,NULL,NULL,NULL,10.99,NULL,NULL,NULL,NULL,NULL,NULL,NULL,NULL,1,NULL,NULL,'2026-06-22 06:13:34','2026-07-06 15:07:29',NULL),(445,NULL,6,125,NULL,'Riva Foods  Retail garlic baguettes',NULL,NULL,NULL,NULL,NULL,NULL,NULL,NULL,NULL,NULL,NULL,NULL,NULL,NULL,NULL,NULL,NULL,NULL,10.99,NULL,NULL,NULL,NULL,NULL,NULL,NULL,NULL,1,NULL,NULL,'2026-06-22 06:13:34','2026-07-06 15:07:29',NULL),(446,NULL,NULL,126,NULL,'Winter Spices Disinfectant',NULL,NULL,NULL,NULL,NULL,NULL,NULL,NULL,NULL,NULL,NULL,NULL,NULL,NULL,NULL,NULL,NULL,NULL,10.99,NULL,NULL,NULL,NULL,NULL,NULL,NULL,NULL,1,NULL,NULL,'2026-06-22 06:13:34','2026-07-06 15:07:29',NULL),(447,NULL,NULL,127,NULL,'Yazoo Banana 300Ml',NULL,NULL,NULL,NULL,NULL,NULL,NULL,NULL,NULL,NULL,NULL,NULL,NULL,NULL,NULL,NULL,NULL,NULL,10.99,NULL,NULL,NULL,NULL,NULL,NULL,NULL,NULL,1,NULL,NULL,'2026-06-22 06:13:34','2026-07-06 15:07:29',NULL),(448,NULL,8,128,NULL,'Takis Blue Heat 100G',NULL,NULL,NULL,NULL,NULL,NULL,NULL,NULL,NULL,NULL,NULL,NULL,NULL,NULL,NULL,NULL,NULL,NULL,10.99,NULL,NULL,NULL,NULL,NULL,NULL,NULL,NULL,1,NULL,NULL,'2026-06-22 06:13:34','2026-07-06 15:07:29',NULL),(449,NULL,8,129,NULL,'Pipers Crisps Anglesey Sea Salt 40G',NULL,NULL,NULL,NULL,NULL,NULL,NULL,NULL,NULL,NULL,NULL,NULL,NULL,NULL,NULL,NULL,NULL,NULL,10.99,NULL,NULL,NULL,NULL,NULL,NULL,NULL,NULL,1,NULL,NULL,'2026-06-22 06:13:34','2026-07-06 15:07:29',NULL),(450,NULL,NULL,130,NULL,'C4 Energy Crb Cosmic Rainbow',NULL,NULL,NULL,NULL,NULL,NULL,NULL,NULL,NULL,NULL,NULL,NULL,NULL,NULL,NULL,NULL,NULL,NULL,10.99,NULL,NULL,NULL,NULL,NULL,NULL,NULL,NULL,1,NULL,NULL,'2026-06-22 06:13:34','2026-07-06 15:07:29',NULL),(451,NULL,7,131,NULL,'PHD BAR SMART HFSS CHOC PEANUT BUTTER 64G EU6 1X12 -Milk',NULL,NULL,NULL,NULL,NULL,NULL,NULL,NULL,NULL,NULL,NULL,NULL,NULL,NULL,NULL,NULL,NULL,NULL,10.99,NULL,NULL,NULL,NULL,NULL,NULL,NULL,NULL,1,NULL,NULL,'2026-06-22 06:13:34','2026-07-06 15:07:29',NULL),(452,NULL,NULL,132,NULL,'Tiama Celeb Bodyspray Female 75Ml',NULL,NULL,NULL,NULL,NULL,NULL,NULL,NULL,NULL,NULL,NULL,NULL,NULL,NULL,NULL,NULL,NULL,NULL,10.99,NULL,NULL,NULL,NULL,NULL,NULL,NULL,NULL,1,NULL,NULL,'2026-06-22 06:13:34','2026-07-06 15:07:29',NULL),(453,NULL,3,133,NULL,'Bakehouse Minis Cookies 200g',NULL,NULL,NULL,NULL,NULL,NULL,NULL,NULL,NULL,NULL,NULL,NULL,NULL,NULL,NULL,NULL,NULL,NULL,10.99,NULL,NULL,NULL,NULL,NULL,NULL,NULL,NULL,1,NULL,NULL,'2026-06-22 06:13:34','2026-07-06 15:07:29',NULL),(454,NULL,NULL,134,NULL,'Dr Johnson Antiseptic Disinfectant Original',NULL,NULL,NULL,NULL,NULL,NULL,NULL,NULL,NULL,NULL,NULL,NULL,NULL,NULL,NULL,NULL,NULL,NULL,10.99,NULL,NULL,NULL,NULL,NULL,NULL,NULL,NULL,1,NULL,NULL,'2026-06-22 06:13:34','2026-07-06 15:07:29',NULL),(455,NULL,4,135,NULL,'UFIT High Protein Shake Drink Chocolate PMP £1.79',NULL,NULL,NULL,NULL,NULL,NULL,NULL,NULL,NULL,NULL,NULL,NULL,NULL,NULL,NULL,NULL,NULL,NULL,10.99,NULL,NULL,NULL,NULL,NULL,NULL,NULL,NULL,1,NULL,NULL,'2026-06-22 06:13:34','2026-07-06 15:07:29',NULL),(456,NULL,6,136,NULL,'Goldenfry Beef Gravy Granules 300g',NULL,NULL,NULL,NULL,NULL,NULL,NULL,NULL,NULL,NULL,NULL,NULL,NULL,NULL,NULL,NULL,NULL,NULL,10.99,NULL,NULL,NULL,NULL,NULL,NULL,NULL,NULL,1,NULL,NULL,'2026-06-22 06:13:34','2026-07-06 15:07:29',NULL),(457,NULL,8,137,NULL,'Pophouse Caramelized Popcorn Classic 180G',NULL,NULL,NULL,NULL,NULL,NULL,NULL,NULL,NULL,NULL,NULL,NULL,NULL,NULL,NULL,NULL,NULL,NULL,10.99,NULL,NULL,NULL,NULL,NULL,NULL,NULL,NULL,1,NULL,NULL,'2026-06-22 06:13:34','2026-07-06 15:07:29',NULL),(458,NULL,4,138,NULL,'Dash Sparkling Peach',NULL,NULL,NULL,NULL,NULL,NULL,NULL,NULL,NULL,NULL,NULL,NULL,NULL,NULL,NULL,NULL,NULL,NULL,10.99,NULL,NULL,NULL,NULL,NULL,NULL,NULL,NULL,1,NULL,NULL,'2026-06-22 06:13:34','2026-07-06 15:07:29',NULL),(459,NULL,7,60,NULL,'Bahlsen Chocolate Leibniz Snack Packs 27.5G',NULL,NULL,NULL,NULL,NULL,NULL,NULL,NULL,NULL,NULL,NULL,NULL,NULL,NULL,NULL,NULL,NULL,NULL,10.99,NULL,NULL,NULL,NULL,NULL,NULL,NULL,NULL,1,NULL,NULL,'2026-06-22 06:13:34','2026-07-06 15:07:29',NULL),(460,NULL,7,139,NULL,'Gnaw 70% Dark Chocolate',NULL,NULL,NULL,NULL,NULL,NULL,NULL,NULL,NULL,NULL,NULL,NULL,NULL,NULL,NULL,NULL,NULL,NULL,10.99,NULL,NULL,NULL,NULL,NULL,NULL,NULL,NULL,1,NULL,NULL,'2026-06-22 06:13:34','2026-07-06 15:07:29',NULL),(461,NULL,8,140,NULL,'Maretti Bruschette Tomato',NULL,NULL,NULL,NULL,NULL,NULL,NULL,NULL,NULL,NULL,NULL,NULL,NULL,NULL,NULL,NULL,NULL,NULL,10.99,NULL,NULL,NULL,NULL,NULL,NULL,NULL,NULL,1,NULL,NULL,'2026-06-22 06:13:34','2026-07-06 15:07:29',NULL),(462,NULL,NULL,141,NULL,'Ultrex 10\'s Ultra Slim (4x12)',NULL,NULL,NULL,NULL,NULL,NULL,NULL,NULL,NULL,NULL,NULL,NULL,NULL,NULL,NULL,NULL,NULL,NULL,10.99,NULL,NULL,NULL,NULL,NULL,NULL,NULL,NULL,1,NULL,NULL,'2026-06-22 06:13:34','2026-07-06 15:07:29',NULL),(463,NULL,7,142,NULL,'Ferrero Rocher T24 X6 Diamond',NULL,NULL,NULL,NULL,NULL,NULL,NULL,NULL,NULL,NULL,NULL,NULL,NULL,NULL,NULL,NULL,NULL,NULL,10.99,NULL,NULL,NULL,NULL,NULL,NULL,NULL,NULL,1,NULL,NULL,'2026-06-22 06:13:34','2026-07-06 15:07:29',NULL),(464,NULL,9,143,NULL,'NESQUIK Cereal Bar MP 8(6x25g) N2 GB',NULL,NULL,NULL,NULL,NULL,NULL,NULL,NULL,NULL,NULL,NULL,NULL,NULL,NULL,NULL,NULL,NULL,NULL,10.99,NULL,NULL,NULL,NULL,NULL,NULL,NULL,NULL,1,NULL,NULL,'2026-06-22 06:13:34','2026-07-06 15:07:29',NULL),(465,NULL,NULL,144,NULL,'Natures Bounty Bedtime Bal w/ Mg&B6 60TabXE',NULL,NULL,NULL,NULL,NULL,NULL,NULL,NULL,NULL,NULL,NULL,NULL,NULL,NULL,NULL,NULL,NULL,NULL,10.99,NULL,NULL,NULL,NULL,NULL,NULL,NULL,NULL,1,NULL,NULL,'2026-06-22 06:13:34','2026-07-06 15:07:29',NULL),(466,NULL,NULL,145,NULL,'Greenshield Anti-Bac Floor Wipes 24\'s',NULL,NULL,NULL,NULL,NULL,NULL,NULL,NULL,NULL,NULL,NULL,NULL,NULL,NULL,NULL,NULL,NULL,NULL,10.99,NULL,NULL,NULL,NULL,NULL,NULL,NULL,NULL,1,NULL,NULL,'2026-06-22 06:13:34','2026-07-06 15:07:29',NULL),(467,NULL,7,146,NULL,'Moo free Mini Bars Milk',NULL,NULL,NULL,NULL,NULL,NULL,NULL,NULL,NULL,NULL,NULL,NULL,NULL,NULL,NULL,NULL,NULL,NULL,10.99,NULL,NULL,NULL,NULL,NULL,NULL,NULL,NULL,1,NULL,NULL,'2026-06-22 06:13:34','2026-07-06 15:07:29',NULL),(468,NULL,NULL,147,NULL,'Comfort Fabric Conditioner Blue In Iron 1L 28W Ukie',NULL,NULL,NULL,NULL,NULL,NULL,NULL,NULL,NULL,NULL,NULL,NULL,NULL,NULL,NULL,NULL,NULL,NULL,10.99,NULL,NULL,NULL,NULL,NULL,NULL,NULL,NULL,1,NULL,NULL,'2026-06-22 06:13:34','2026-07-06 15:07:29',NULL),(469,NULL,7,55,NULL,'Walkers Dark Chocolates Mint Cream Thins',NULL,NULL,NULL,NULL,NULL,NULL,NULL,NULL,NULL,NULL,NULL,NULL,NULL,NULL,NULL,NULL,NULL,NULL,10.99,NULL,NULL,NULL,NULL,NULL,NULL,NULL,NULL,1,NULL,NULL,'2026-06-22 06:13:34','2026-07-06 15:07:29',NULL),(470,NULL,4,148,NULL,'AriZona Iced Tea Lemon *6x500ml',NULL,NULL,NULL,NULL,NULL,NULL,NULL,NULL,NULL,NULL,NULL,NULL,NULL,NULL,NULL,NULL,NULL,NULL,10.99,NULL,NULL,NULL,NULL,NULL,NULL,NULL,NULL,1,NULL,NULL,'2026-06-22 06:13:34','2026-07-06 15:07:29',NULL),(471,NULL,4,149,NULL,'Stute Superior Pure Apple Juice 1 Ltr',NULL,NULL,NULL,NULL,NULL,NULL,NULL,NULL,NULL,NULL,NULL,NULL,NULL,NULL,NULL,NULL,NULL,NULL,10.99,NULL,NULL,NULL,NULL,NULL,NULL,NULL,NULL,1,NULL,NULL,'2026-06-22 06:13:34','2026-07-06 15:07:29',NULL),(472,NULL,8,150,NULL,'NAKD BLUEBERRY MUFFIN',NULL,NULL,NULL,NULL,NULL,NULL,NULL,NULL,NULL,NULL,NULL,NULL,NULL,NULL,NULL,NULL,NULL,NULL,10.99,NULL,NULL,NULL,NULL,NULL,NULL,NULL,NULL,1,NULL,NULL,'2026-06-22 06:13:34','2026-07-06 15:07:29',NULL),(473,NULL,5,151,NULL,'Yorkshire Tea Bags 10x80',NULL,NULL,NULL,NULL,NULL,NULL,NULL,NULL,NULL,NULL,NULL,NULL,NULL,NULL,NULL,NULL,NULL,NULL,10.99,NULL,NULL,NULL,NULL,NULL,NULL,NULL,NULL,1,NULL,NULL,'2026-06-22 06:13:34','2026-07-06 15:07:29',NULL),(474,NULL,7,152,NULL,'Lees 10 Snowballs',NULL,NULL,NULL,NULL,NULL,NULL,NULL,NULL,NULL,NULL,NULL,NULL,NULL,NULL,NULL,NULL,NULL,NULL,10.99,NULL,NULL,NULL,NULL,NULL,NULL,NULL,NULL,1,NULL,NULL,'2026-06-22 06:13:34','2026-07-06 15:07:29',NULL),(475,NULL,NULL,153,NULL,'Clean & Clear 100Ml Dual Act Moisturising Cream',NULL,NULL,NULL,NULL,NULL,NULL,NULL,NULL,NULL,NULL,NULL,NULL,NULL,NULL,NULL,NULL,NULL,NULL,10.99,NULL,NULL,NULL,NULL,NULL,NULL,NULL,NULL,1,NULL,NULL,'2026-06-22 06:13:34','2026-07-06 15:07:29',NULL),(476,NULL,7,154,NULL,'Bip Pop Up Lollipops Disney Marvel Mix 10G',NULL,NULL,NULL,NULL,NULL,NULL,NULL,NULL,NULL,NULL,NULL,NULL,NULL,NULL,NULL,NULL,NULL,NULL,10.99,NULL,NULL,NULL,NULL,NULL,NULL,NULL,NULL,1,NULL,NULL,'2026-06-22 06:13:34','2026-07-06 15:07:29',NULL),(477,NULL,6,155,NULL,'Lyles Chocolate Wave Bottle 325G',NULL,NULL,NULL,NULL,NULL,NULL,NULL,NULL,NULL,NULL,NULL,NULL,NULL,NULL,NULL,NULL,NULL,NULL,10.99,NULL,NULL,NULL,NULL,NULL,NULL,NULL,NULL,1,NULL,NULL,'2026-06-22 06:13:34','2026-07-06 15:07:29',NULL),(478,NULL,8,156,NULL,'Pip & Nut Peanut Butter Stuffed Original Oat Bar',NULL,NULL,NULL,NULL,NULL,NULL,NULL,NULL,NULL,NULL,NULL,NULL,NULL,NULL,NULL,NULL,NULL,NULL,10.99,NULL,NULL,NULL,NULL,NULL,NULL,NULL,NULL,1,NULL,NULL,'2026-06-22 06:13:34','2026-07-06 15:07:29',NULL),(479,NULL,NULL,157,NULL,'Feedwell Supreme 15KG',NULL,NULL,NULL,NULL,NULL,NULL,NULL,NULL,NULL,NULL,NULL,NULL,NULL,NULL,NULL,NULL,NULL,NULL,10.99,NULL,NULL,NULL,NULL,NULL,NULL,NULL,NULL,1,NULL,NULL,'2026-06-22 06:13:34','2026-07-06 15:07:29',NULL);
/*!40000 ALTER TABLE `products_backup` ENABLE KEYS */;
UNLOCK TABLES;

--
-- Table structure for table `shipping_containers`
--

DROP TABLE IF EXISTS `shipping_containers`;
/*!40101 SET @saved_cs_client     = @@character_set_client */;
/*!50503 SET character_set_client = utf8mb4 */;
CREATE TABLE `shipping_containers` (
  `id` int NOT NULL AUTO_INCREMENT,
  `container_name` varchar(100) NOT NULL,
  `container_type` enum('Dry','Reefer') NOT NULL,
  `volume_m3` decimal(8,2) NOT NULL,
  `gross_weight_kg` decimal(10,2) NOT NULL,
  `payload_weight_kg` decimal(10,2) NOT NULL,
  `active` tinyint(1) DEFAULT '1',
  `created_at` timestamp NULL DEFAULT NULL,
  `updated_at` timestamp NULL DEFAULT NULL,
  PRIMARY KEY (`id`)
) ENGINE=InnoDB AUTO_INCREMENT=7 DEFAULT CHARSET=utf8mb4 COLLATE=utf8mb4_unicode_ci;
/*!40101 SET character_set_client = @saved_cs_client */;

--
-- Dumping data for table `shipping_containers`
--

LOCK TABLES `shipping_containers` WRITE;
/*!40000 ALTER TABLE `shipping_containers` DISABLE KEYS */;
INSERT INTO `shipping_containers` VALUES (1,'Collection / Ex Works (I\'ll arrange collection)','Dry',0.00,0.00,0.00,1,NULL,NULL),(2,'20 ft Dry (Standard)','Dry',33.20,23956.00,21727.00,1,NULL,NULL),(3,'40 ft Dry (Standard)','Dry',67.70,30481.00,26780.00,1,NULL,NULL),(4,'40 ft High Cube (HC) Dry','Dry',76.40,30481.00,26512.00,1,NULL,NULL),(5,'20 ft Reefer','Reefer',27.00,30481.00,21700.00,1,NULL,NULL),(6,'40 ft Reefer','Reefer',58.00,30481.00,25000.00,1,NULL,NULL);
/*!40000 ALTER TABLE `shipping_containers` ENABLE KEYS */;
UNLOCK TABLES;

--
-- Table structure for table `shipping_countries`
--

DROP TABLE IF EXISTS `shipping_countries`;
/*!40101 SET @saved_cs_client     = @@character_set_client */;
/*!50503 SET character_set_client = utf8mb4 */;
CREATE TABLE `shipping_countries` (
  `id` int NOT NULL AUTO_INCREMENT,
  `zone_id` int NOT NULL,
  `country_name` varchar(120) NOT NULL,
  `country_code` char(2) NOT NULL,
  `active` tinyint DEFAULT '1',
  `created_at` timestamp NULL DEFAULT NULL,
  `updated_at` timestamp NULL DEFAULT NULL,
  PRIMARY KEY (`id`),
  KEY `fk_country_zone` (`zone_id`),
  CONSTRAINT `fk_country_zone` FOREIGN KEY (`zone_id`) REFERENCES `shipping_zones` (`id`)
) ENGINE=InnoDB AUTO_INCREMENT=195 DEFAULT CHARSET=utf8mb4 COLLATE=utf8mb4_unicode_ci;
/*!40101 SET character_set_client = @saved_cs_client */;

--
-- Dumping data for table `shipping_countries`
--

LOCK TABLES `shipping_countries` WRITE;
/*!40000 ALTER TABLE `shipping_countries` DISABLE KEYS */;
INSERT INTO `shipping_countries` VALUES (1,2,'Albania','XX',1,'2026-07-06 12:57:53','2026-07-06 12:57:53'),(2,2,'Algeria','XX',1,'2026-07-06 12:57:53','2026-07-06 12:57:53'),(3,2,'American Samoa','XX',1,'2026-07-06 12:57:53','2026-07-06 12:57:53'),(4,2,'Angola','XX',1,'2026-07-06 12:57:53','2026-07-06 12:57:53'),(5,2,'Anguilla','XX',1,'2026-07-06 12:57:53','2026-07-06 12:57:53'),(6,2,'Antarctica','XX',1,'2026-07-06 12:57:53','2026-07-06 12:57:53'),(7,2,'Antigua and Barbuda','XX',1,'2026-07-06 12:57:53','2026-07-06 12:57:53'),(8,2,'Argentina','XX',1,'2026-07-06 12:57:53','2026-07-06 12:57:53'),(9,2,'Aruba','XX',1,'2026-07-06 12:57:53','2026-07-06 12:57:53'),(10,2,'Australia','XX',1,'2026-07-06 12:57:54','2026-07-06 12:57:54'),(11,2,'Austria','XX',1,'2026-07-06 12:57:54','2026-07-06 12:57:54'),(12,2,'Bahamas','XX',1,'2026-07-06 12:57:54','2026-07-06 12:57:54'),(13,2,'Bahrain','XX',1,'2026-07-06 12:57:54','2026-07-06 12:57:54'),(14,2,'Bangladesh','XX',1,'2026-07-06 12:57:54','2026-07-06 12:57:54'),(15,2,'Barbados','XX',1,'2026-07-06 12:57:54','2026-07-06 12:57:54'),(16,2,'Belgium','XX',1,'2026-07-06 12:57:54','2026-07-06 12:57:54'),(17,2,'Belize','XX',1,'2026-07-06 12:57:54','2026-07-06 12:57:54'),(18,2,'Benin','XX',1,'2026-07-06 12:57:54','2026-07-06 12:57:54'),(19,2,'Bermuda','XX',1,'2026-07-06 12:57:54','2026-07-06 12:57:54'),(20,2,'Bonaire, Sint Eustatius, and Saba','XX',1,'2026-07-06 12:57:54','2026-07-06 12:57:54'),(21,2,'Bosnia and Herzegovina','XX',1,'2026-07-06 12:57:54','2026-07-06 12:57:54'),(22,2,'Brazil','XX',1,'2026-07-06 12:57:54','2026-07-06 12:57:54'),(23,2,'Virgin Islands','XX',1,'2026-07-06 12:57:54','2026-07-06 12:57:54'),(24,2,'Virgin Islands (U.S.)','XX',1,'2026-07-06 12:57:54','2026-07-06 12:57:54'),(25,2,'Brunei','XX',1,'2026-07-06 12:57:54','2026-07-06 12:57:54'),(26,2,'Bulgaria','XX',1,'2026-07-06 12:57:54','2026-07-06 12:57:54'),(27,2,'Burkina Faso','XX',1,'2026-07-06 12:57:54','2026-07-06 12:57:54'),(28,2,'Cambodia','XX',1,'2026-07-06 12:57:54','2026-07-06 12:57:54'),(29,2,'Cameroon','XX',1,'2026-07-06 12:57:54','2026-07-06 12:57:54'),(30,2,'Canada','XX',1,'2026-07-06 12:57:54','2026-07-06 12:57:54'),(31,2,'Cabo Verde','XX',1,'2026-07-06 12:57:54','2026-07-06 12:57:54'),(32,2,'Cayman Islands','XX',1,'2026-07-06 12:57:54','2026-07-06 12:57:54'),(33,2,'Chile','XX',1,'2026-07-06 12:57:54','2026-07-06 12:57:54'),(34,2,'China','XX',1,'2026-07-06 12:57:54','2026-07-06 12:57:54'),(35,2,'Colombia','XX',1,'2026-07-06 12:57:54','2026-07-06 12:57:54'),(36,2,'Comoros','XX',1,'2026-07-06 12:57:54','2026-07-06 12:57:54'),(37,2,'Congo','XX',1,'2026-07-06 12:57:54','2026-07-06 12:57:54'),(38,2,'Democratic Republic of The Congo','XX',1,'2026-07-06 12:57:54','2026-07-06 12:57:54'),(39,2,'Cook Islands','XX',1,'2026-07-06 12:57:54','2026-07-06 12:57:54'),(40,2,'Costa Rica','XX',1,'2026-07-06 12:57:54','2026-07-06 12:57:54'),(41,2,'Croatia','XX',1,'2026-07-06 12:57:54','2026-07-06 12:57:54'),(42,2,'Cuba','XX',1,'2026-07-06 12:57:54','2026-07-06 12:57:54'),(43,2,'Curaçao','XX',1,'2026-07-06 12:57:54','2026-07-06 12:57:54'),(44,2,'Cyprus','XX',1,'2026-07-06 12:57:54','2026-07-06 12:57:54'),(45,2,'Czechia','XX',1,'2026-07-06 12:57:54','2026-07-06 12:57:54'),(46,2,'Denmark','XX',1,'2026-07-06 12:57:54','2026-07-06 12:57:54'),(47,2,'Djibouti','XX',1,'2026-07-06 12:57:54','2026-07-06 12:57:54'),(48,2,'Dominica','XX',1,'2026-07-06 12:57:54','2026-07-06 12:57:54'),(49,2,'Dominican Republic','XX',1,'2026-07-06 12:57:54','2026-07-06 12:57:54'),(50,2,'Ecuador','XX',1,'2026-07-06 12:57:54','2026-07-06 12:57:54'),(51,2,'Egypt','XX',1,'2026-07-06 12:57:54','2026-07-06 12:57:54'),(52,2,'El Salvador','XX',1,'2026-07-06 12:57:54','2026-07-06 12:57:54'),(53,2,'Equatorial Guinea','XX',1,'2026-07-06 12:57:54','2026-07-06 12:57:54'),(54,2,'Eritrea','XX',1,'2026-07-06 12:57:54','2026-07-06 12:57:54'),(55,2,'Estonia','XX',1,'2026-07-06 12:57:54','2026-07-06 12:57:54'),(56,2,'Ethiopia','XX',1,'2026-07-06 12:57:54','2026-07-06 12:57:54'),(57,2,'Faroe Islands','XX',1,'2026-07-06 12:57:54','2026-07-06 12:57:54'),(58,2,'Fiji','XX',1,'2026-07-06 12:57:54','2026-07-06 12:57:54'),(59,2,'Finland','XX',1,'2026-07-06 12:57:54','2026-07-06 12:57:54'),(60,2,'France','XX',1,'2026-07-06 12:57:54','2026-07-06 12:57:54'),(61,2,'French Guiana','XX',1,'2026-07-06 12:57:54','2026-07-06 12:57:54'),(62,2,'French Polynesia','XX',1,'2026-07-06 12:57:54','2026-07-06 12:57:54'),(63,2,'Gabon','XX',1,'2026-07-06 12:57:54','2026-07-06 12:57:54'),(64,2,'Gambia','XX',1,'2026-07-06 12:57:54','2026-07-06 12:57:54'),(65,2,'Georgia','XX',1,'2026-07-06 12:57:54','2026-07-06 12:57:54'),(66,2,'Germany','XX',1,'2026-07-06 12:57:54','2026-07-06 12:57:54'),(67,2,'Ghana','XX',1,'2026-07-06 12:57:54','2026-07-06 12:57:54'),(68,2,'Gibraltar','XX',1,'2026-07-06 12:57:54','2026-07-06 12:57:54'),(69,2,'Greece','XX',1,'2026-07-06 12:57:54','2026-07-06 12:57:54'),(70,2,'Grenada','XX',1,'2026-07-06 12:57:54','2026-07-06 12:57:54'),(71,2,'Guadeloupe','XX',1,'2026-07-06 12:57:54','2026-07-06 12:57:54'),(72,2,'Guam','XX',1,'2026-07-06 12:57:54','2026-07-06 12:57:54'),(73,2,'Guatemala','XX',1,'2026-07-06 12:57:54','2026-07-06 12:57:54'),(74,2,'Guinea','XX',1,'2026-07-06 12:57:54','2026-07-06 12:57:54'),(75,2,'Guinea-Bissau','XX',1,'2026-07-06 12:57:54','2026-07-06 12:57:54'),(76,2,'Guyana','XX',1,'2026-07-06 12:57:54','2026-07-06 12:57:54'),(77,2,'Haiti','XX',1,'2026-07-06 12:57:54','2026-07-06 12:57:54'),(78,2,'Honduras','XX',1,'2026-07-06 12:57:54','2026-07-06 12:57:54'),(79,2,'Hong Kong','XX',1,'2026-07-06 12:57:54','2026-07-06 12:57:54'),(80,2,'Hungary','XX',1,'2026-07-06 12:57:54','2026-07-06 12:57:54'),(81,2,'Iceland','XX',1,'2026-07-06 12:57:54','2026-07-06 12:57:54'),(82,2,'India','XX',1,'2026-07-06 12:57:54','2026-07-06 12:57:54'),(83,2,'Indonesia','XX',1,'2026-07-06 12:57:54','2026-07-06 12:57:54'),(84,2,'Ivory Coast','XX',1,'2026-07-06 12:57:54','2026-07-06 12:57:54'),(85,2,'Iran','XX',1,'2026-07-06 12:57:54','2026-07-06 12:57:54'),(86,2,'Iraq','XX',1,'2026-07-06 12:57:54','2026-07-06 12:57:54'),(87,2,'Ireland','XX',1,'2026-07-06 12:57:54','2026-07-06 12:57:54'),(88,2,'Israel','XX',1,'2026-07-06 12:57:54','2026-07-06 12:57:54'),(89,2,'Italy','XX',1,'2026-07-06 12:57:54','2026-07-06 12:57:54'),(90,2,'Jamaica','XX',1,'2026-07-06 12:57:54','2026-07-06 12:57:54'),(91,2,'Japan','XX',1,'2026-07-06 12:57:54','2026-07-06 12:57:54'),(92,2,'Jordan','XX',1,'2026-07-06 12:57:54','2026-07-06 12:57:54'),(93,2,'Kazakhstan','XX',1,'2026-07-06 12:57:54','2026-07-06 12:57:54'),(94,2,'Kenya','XX',1,'2026-07-06 12:57:54','2026-07-06 12:57:54'),(95,2,'Kiribati','XX',1,'2026-07-06 12:57:54','2026-07-06 12:57:54'),(96,2,'Kuwait','XX',1,'2026-07-06 12:57:54','2026-07-06 12:57:54'),(97,2,'Latvia','XX',1,'2026-07-06 12:57:54','2026-07-06 12:57:54'),(98,2,'Lebanon','XX',1,'2026-07-06 12:57:54','2026-07-06 12:57:54'),(99,2,'Lesotho','XX',1,'2026-07-06 12:57:54','2026-07-06 12:57:54'),(100,2,'Liberia','XX',1,'2026-07-06 12:57:54','2026-07-06 12:57:54'),(101,2,'Libya','XX',1,'2026-07-06 12:57:54','2026-07-06 12:57:54'),(102,2,'Lithuania','XX',1,'2026-07-06 12:57:54','2026-07-06 12:57:54'),(103,2,'Luxembourg','XX',1,'2026-07-06 12:57:54','2026-07-06 12:57:54'),(104,2,'Macao','XX',1,'2026-07-06 12:57:54','2026-07-06 12:57:54'),(105,2,'Madagascar','XX',1,'2026-07-06 12:57:54','2026-07-06 12:57:54'),(106,2,'Malawi','XX',1,'2026-07-06 12:57:54','2026-07-06 12:57:54'),(107,2,'Malaysia','XX',1,'2026-07-06 12:57:54','2026-07-06 12:57:54'),(108,2,'Maldives','XX',1,'2026-07-06 12:57:54','2026-07-06 12:57:54'),(109,2,'Malta','XX',1,'2026-07-06 12:57:54','2026-07-06 12:57:54'),(110,2,'Marshall Islands','XX',1,'2026-07-06 12:57:54','2026-07-06 12:57:54'),(111,2,'Martinique','XX',1,'2026-07-06 12:57:54','2026-07-06 12:57:54'),(112,2,'Mauritius','XX',1,'2026-07-06 12:57:54','2026-07-06 12:57:54'),(113,2,'Mayotte','XX',1,'2026-07-06 12:57:54','2026-07-06 12:57:54'),(114,2,'Mexico','XX',1,'2026-07-06 12:57:54','2026-07-06 12:57:54'),(115,2,'Micronesia','XX',1,'2026-07-06 12:57:54','2026-07-06 12:57:54'),(116,2,'Montenegro','XX',1,'2026-07-06 12:57:54','2026-07-06 12:57:54'),(117,2,'Montserrat','XX',1,'2026-07-06 12:57:54','2026-07-06 12:57:54'),(118,2,'Morocco','XX',1,'2026-07-06 12:57:54','2026-07-06 12:57:54'),(119,2,'Mozambique','XX',1,'2026-07-06 12:57:54','2026-07-06 12:57:54'),(120,2,'Myanmar','XX',1,'2026-07-06 12:57:54','2026-07-06 12:57:54'),(121,2,'Namibia','XX',1,'2026-07-06 12:57:54','2026-07-06 12:57:54'),(122,2,'Nauru','XX',1,'2026-07-06 12:57:54','2026-07-06 12:57:54'),(123,2,'Nepal','XX',1,'2026-07-06 12:57:54','2026-07-06 12:57:54'),(124,2,'Netherlands','XX',1,'2026-07-06 12:57:54','2026-07-06 12:57:54'),(125,2,'New Caledonia','XX',1,'2026-07-06 12:57:54','2026-07-06 12:57:54'),(126,2,'New Zealand','XX',1,'2026-07-06 12:57:54','2026-07-06 12:57:54'),(127,2,'Nicaragua','XX',1,'2026-07-06 12:57:54','2026-07-06 12:57:54'),(128,2,'Nigeria','XX',1,'2026-07-06 12:57:54','2026-07-06 12:57:54'),(129,2,'Niue','XX',1,'2026-07-06 12:57:54','2026-07-06 12:57:54'),(130,2,'Northern Mariana Islands','XX',1,'2026-07-06 12:57:54','2026-07-06 12:57:54'),(131,2,'Norway','XX',1,'2026-07-06 12:57:54','2026-07-06 12:57:54'),(132,2,'Oman','XX',1,'2026-07-06 12:57:54','2026-07-06 12:57:54'),(133,2,'Pakistan','XX',1,'2026-07-06 12:57:54','2026-07-06 12:57:54'),(134,2,'Palau','XX',1,'2026-07-06 12:57:54','2026-07-06 12:57:54'),(135,2,'Panama','XX',1,'2026-07-06 12:57:54','2026-07-06 12:57:54'),(136,2,'Papua New Guinea','XX',1,'2026-07-06 12:57:54','2026-07-06 12:57:54'),(137,2,'Paraguay','XX',1,'2026-07-06 12:57:54','2026-07-06 12:57:54'),(138,2,'Peru','XX',1,'2026-07-06 12:57:54','2026-07-06 12:57:54'),(139,2,'Philippines','XX',1,'2026-07-06 12:57:54','2026-07-06 12:57:54'),(140,2,'Poland','XX',1,'2026-07-06 12:57:54','2026-07-06 12:57:54'),(141,2,'Portugal','XX',1,'2026-07-06 12:57:54','2026-07-06 12:57:54'),(142,2,'Puerto Rico','XX',1,'2026-07-06 12:57:54','2026-07-06 12:57:54'),(143,2,'Qatar','XX',1,'2026-07-06 12:57:54','2026-07-06 12:57:54'),(144,2,'Réunion','XX',1,'2026-07-06 12:57:54','2026-07-06 12:57:54'),(145,2,'Romania','XX',1,'2026-07-06 12:57:54','2026-07-06 12:57:54'),(146,2,'Russia','XX',1,'2026-07-06 12:57:54','2026-07-06 12:57:54'),(147,2,'Saint Kitts and Nevis','XX',1,'2026-07-06 12:57:54','2026-07-06 12:57:54'),(148,2,'Saint Lucia','XX',1,'2026-07-06 12:57:54','2026-07-06 12:57:54'),(149,2,'Saint Pierre and Miquelon','XX',1,'2026-07-06 12:57:54','2026-07-06 12:57:54'),(150,2,'Saint Vincent and the Grenadines','XX',1,'2026-07-06 12:57:54','2026-07-06 12:57:54'),(151,2,'Samoa','XX',1,'2026-07-06 12:57:54','2026-07-06 12:57:54'),(152,2,'Sao Tome and Principe','XX',1,'2026-07-06 12:57:54','2026-07-06 12:57:54'),(153,2,'Saudi Arabia','XX',1,'2026-07-06 12:57:54','2026-07-06 12:57:54'),(154,2,'Senegal','XX',1,'2026-07-06 12:57:54','2026-07-06 12:57:54'),(155,2,'Serbia','XX',1,'2026-07-06 12:57:54','2026-07-06 12:57:54'),(156,2,'Seychelles','XX',1,'2026-07-06 12:57:54','2026-07-06 12:57:54'),(157,2,'Sierra Leone','XX',1,'2026-07-06 12:57:54','2026-07-06 12:57:54'),(158,2,'Singapore','XX',1,'2026-07-06 12:57:54','2026-07-06 12:57:54'),(159,2,'Sint Maarten','XX',1,'2026-07-06 12:57:54','2026-07-06 12:57:54'),(160,2,'Slovakia','XX',1,'2026-07-06 12:57:54','2026-07-06 12:57:54'),(161,2,'Slovenia','XX',1,'2026-07-06 12:57:54','2026-07-06 12:57:54'),(162,2,'Solomon Islands','XX',1,'2026-07-06 12:57:54','2026-07-06 12:57:54'),(163,2,'Somalia','XX',1,'2026-07-06 12:57:54','2026-07-06 12:57:54'),(164,2,'South Africa','XX',1,'2026-07-06 12:57:54','2026-07-06 12:57:54'),(165,2,'South Korea','XX',1,'2026-07-06 12:57:54','2026-07-06 12:57:54'),(166,2,'Spain','XX',1,'2026-07-06 12:57:54','2026-07-06 12:57:54'),(167,2,'Sri Lanka','XX',1,'2026-07-06 12:57:54','2026-07-06 12:57:54'),(168,2,'Sudan','XX',1,'2026-07-06 12:57:54','2026-07-06 12:57:54'),(169,2,'Suriname','XX',1,'2026-07-06 12:57:54','2026-07-06 12:57:54'),(170,2,'Sweden','XX',1,'2026-07-06 12:57:54','2026-07-06 12:57:54'),(171,2,'Switzerland','XX',1,'2026-07-06 12:57:54','2026-07-06 12:57:54'),(172,2,'Syria','XX',1,'2026-07-06 12:57:54','2026-07-06 12:57:54'),(173,2,'Taiwan','XX',1,'2026-07-06 12:57:54','2026-07-06 12:57:54'),(174,2,'Tanzania','XX',1,'2026-07-06 12:57:54','2026-07-06 12:57:54'),(175,2,'Thailand','XX',1,'2026-07-06 12:57:54','2026-07-06 12:57:54'),(176,2,'Timor-Leste','XX',1,'2026-07-06 12:57:54','2026-07-06 12:57:54'),(177,2,'Togo','XX',1,'2026-07-06 12:57:54','2026-07-06 12:57:54'),(178,2,'Tonga','XX',1,'2026-07-06 12:57:54','2026-07-06 12:57:54'),(179,2,'Trinidad and Tobago','XX',1,'2026-07-06 12:57:54','2026-07-06 12:57:54'),(180,2,'Tunisia','XX',1,'2026-07-06 12:57:54','2026-07-06 12:57:54'),(181,2,'Turkey','XX',1,'2026-07-06 12:57:54','2026-07-06 12:57:54'),(182,2,'Turks and Caicos Islands','XX',1,'2026-07-06 12:57:54','2026-07-06 12:57:54'),(183,2,'Tuvalu','XX',1,'2026-07-06 12:57:54','2026-07-06 12:57:54'),(184,2,'Ukraine','XX',1,'2026-07-06 12:57:54','2026-07-06 12:57:54'),(185,2,'United Arab Emirates','XX',1,'2026-07-06 12:57:54','2026-07-06 12:57:54'),(186,1,'United Kingdom','XX',1,'2026-07-06 12:57:54','2026-07-06 12:57:54'),(187,2,'USA','XX',1,'2026-07-06 12:57:54','2026-07-06 12:57:54'),(188,2,'Uruguay','XX',1,'2026-07-06 12:57:54','2026-07-06 12:57:54'),(189,2,'Vanuatu','XX',1,'2026-07-06 12:57:54','2026-07-06 12:57:54'),(190,2,'Venezuela','XX',1,'2026-07-06 12:57:54','2026-07-06 12:57:54'),(191,2,'Vietnam','XX',1,'2026-07-06 12:57:54','2026-07-06 12:57:54'),(192,2,'Wallis and Futuna','XX',1,'2026-07-06 12:57:54','2026-07-06 12:57:54'),(193,2,'Yemen','XX',1,'2026-07-06 12:57:54','2026-07-06 12:57:54'),(194,2,'Zimbabwe','XX',1,'2026-07-06 12:57:54','2026-07-06 12:57:54');
/*!40000 ALTER TABLE `shipping_countries` ENABLE KEYS */;
UNLOCK TABLES;

--
-- Table structure for table `shipping_ports`
--

DROP TABLE IF EXISTS `shipping_ports`;
/*!40101 SET @saved_cs_client     = @@character_set_client */;
/*!50503 SET character_set_client = utf8mb4 */;
CREATE TABLE `shipping_ports` (
  `id` int NOT NULL AUTO_INCREMENT,
  `country_id` int NOT NULL,
  `port_name` varchar(120) NOT NULL,
  `active` tinyint DEFAULT '1',
  `created_at` timestamp NULL DEFAULT NULL,
  `updated_at` timestamp NULL DEFAULT NULL,
  PRIMARY KEY (`id`),
  KEY `fk_port_country` (`country_id`),
  CONSTRAINT `fk_port_country` FOREIGN KEY (`country_id`) REFERENCES `shipping_countries` (`id`)
) ENGINE=InnoDB AUTO_INCREMENT=239 DEFAULT CHARSET=utf8mb4 COLLATE=utf8mb4_unicode_ci;
/*!40101 SET character_set_client = @saved_cs_client */;

--
-- Dumping data for table `shipping_ports`
--

LOCK TABLES `shipping_ports` WRITE;
/*!40000 ALTER TABLE `shipping_ports` DISABLE KEYS */;
INSERT INTO `shipping_ports` VALUES (1,1,'Durrës',1,'2026-07-06 12:57:53','2026-07-06 12:57:53'),(2,2,'Algiers',1,'2026-07-06 12:57:53','2026-07-06 12:57:53'),(3,3,'Pago Pago',1,'2026-07-06 12:57:53','2026-07-06 12:57:53'),(4,4,'Luanda',1,'2026-07-06 12:57:53','2026-07-06 12:57:53'),(5,5,'Road Bay',1,'2026-07-06 12:57:53','2026-07-06 12:57:53'),(6,6,'Ushuaia (nearby in Argentina)',1,'2026-07-06 12:57:53','2026-07-06 12:57:53'),(7,7,'St. John\'s',1,'2026-07-06 12:57:53','2026-07-06 12:57:53'),(8,8,'Buenos Aires',1,'2026-07-06 12:57:53','2026-07-06 12:57:53'),(9,9,'Oranjestad',1,'2026-07-06 12:57:53','2026-07-06 12:57:53'),(10,10,'Melbourne',1,'2026-07-06 12:57:54','2026-07-06 12:57:54'),(11,10,'Sydney',1,'2026-07-06 12:57:54','2026-07-06 12:57:54'),(12,10,'Brisbane',1,'2026-07-06 12:57:54','2026-07-06 12:57:54'),(13,10,'Fremantle',1,'2026-07-06 12:57:54','2026-07-06 12:57:54'),(14,10,'Adelaide',1,'2026-07-06 12:57:54','2026-07-06 12:57:54'),(15,11,'Vienna (via Danube River)',1,'2026-07-06 12:57:54','2026-07-06 12:57:54'),(16,12,'Nassau',1,'2026-07-06 12:57:54','2026-07-06 12:57:54'),(17,13,'Khalifa Bin Salman',1,'2026-07-06 12:57:54','2026-07-06 12:57:54'),(18,14,'Chittagong (Cox\'s Bazar also)',1,'2026-07-06 12:57:54','2026-07-06 12:57:54'),(19,15,'Bridgetown',1,'2026-07-06 12:57:54','2026-07-06 12:57:54'),(20,16,'Antwerp',1,'2026-07-06 12:57:54','2026-07-06 12:57:54'),(21,17,'Belize City',1,'2026-07-06 12:57:54','2026-07-06 12:57:54'),(22,18,'Cotonou',1,'2026-07-06 12:57:54','2026-07-06 12:57:54'),(23,19,'Hamilton Harbour',1,'2026-07-06 12:57:54','2026-07-06 12:57:54'),(24,20,'Kralendijk',1,'2026-07-06 12:57:54','2026-07-06 12:57:54'),(25,21,'Neum',1,'2026-07-06 12:57:54','2026-07-06 12:57:54'),(26,22,'Santos',1,'2026-07-06 12:57:54','2026-07-06 12:57:54'),(27,22,'Rio de Janeiro',1,'2026-07-06 12:57:54','2026-07-06 12:57:54'),(28,22,'Salvador',1,'2026-07-06 12:57:54','2026-07-06 12:57:54'),(29,22,'Paranaguá',1,'2026-07-06 12:57:54','2026-07-06 12:57:54'),(30,22,'Itajaí',1,'2026-07-06 12:57:54','2026-07-06 12:57:54'),(31,23,'Charlotte Amalie',1,'2026-07-06 12:57:54','2026-07-06 12:57:54'),(32,24,'St. Thomas',1,'2026-07-06 12:57:54','2026-07-06 12:57:54'),(33,25,'Muara',1,'2026-07-06 12:57:54','2026-07-06 12:57:54'),(34,26,'Varna',1,'2026-07-06 12:57:54','2026-07-06 12:57:54'),(35,27,'Ouagadougou (inland port)',1,'2026-07-06 12:57:54','2026-07-06 12:57:54'),(36,28,'Sihanoukville',1,'2026-07-06 12:57:54','2026-07-06 12:57:54'),(37,29,'Douala',1,'2026-07-06 12:57:54','2026-07-06 12:57:54'),(38,30,'Vancouver',1,'2026-07-06 12:57:54','2026-07-06 12:57:54'),(39,31,'Mindelo',1,'2026-07-06 12:57:54','2026-07-06 12:57:54'),(40,32,'George Town',1,'2026-07-06 12:57:54','2026-07-06 12:57:54'),(41,33,'Valparaíso',1,'2026-07-06 12:57:54','2026-07-06 12:57:54'),(42,34,'Shanghai',1,'2026-07-06 12:57:54','2026-07-06 12:57:54'),(43,34,'Shenzhen',1,'2026-07-06 12:57:54','2026-07-06 12:57:54'),(44,34,'Ningbo-Zhoushan',1,'2026-07-06 12:57:54','2026-07-06 12:57:54'),(45,34,'Hong Kong',1,'2026-07-06 12:57:54','2026-07-06 12:57:54'),(46,34,'Guangzhou',1,'2026-07-06 12:57:54','2026-07-06 12:57:54'),(47,34,'Qingdao',1,'2026-07-06 12:57:54','2026-07-06 12:57:54'),(48,35,'Cartagena',1,'2026-07-06 12:57:54','2026-07-06 12:57:54'),(49,35,'Barranquilla',1,'2026-07-06 12:57:54','2026-07-06 12:57:54'),(50,36,'Moroni',1,'2026-07-06 12:57:54','2026-07-06 12:57:54'),(51,37,'Pointe-Noire',1,'2026-07-06 12:57:54','2026-07-06 12:57:54'),(52,38,'Kinshasa',1,'2026-07-06 12:57:54','2026-07-06 12:57:54'),(53,39,'Avatiu',1,'2026-07-06 12:57:54','2026-07-06 12:57:54'),(54,40,'Limón',1,'2026-07-06 12:57:54','2026-07-06 12:57:54'),(55,41,'Rijeka',1,'2026-07-06 12:57:54','2026-07-06 12:57:54'),(56,42,'Havana',1,'2026-07-06 12:57:54','2026-07-06 12:57:54'),(57,43,'Willemstad',1,'2026-07-06 12:57:54','2026-07-06 12:57:54'),(58,44,'Limassol',1,'2026-07-06 12:57:54','2026-07-06 12:57:54'),(59,45,'Prague (via Danube River)',1,'2026-07-06 12:57:54','2026-07-06 12:57:54'),(60,46,'Copenhagen',1,'2026-07-06 12:57:54','2026-07-06 12:57:54'),(61,46,'Aarhus',1,'2026-07-06 12:57:54','2026-07-06 12:57:54'),(62,47,'Djibouti',1,'2026-07-06 12:57:54','2026-07-06 12:57:54'),(63,48,'Roseau',1,'2026-07-06 12:57:54','2026-07-06 12:57:54'),(64,49,'Santo Domingo',1,'2026-07-06 12:57:54','2026-07-06 12:57:54'),(65,49,'Puerto Plata',1,'2026-07-06 12:57:54','2026-07-06 12:57:54'),(66,50,'Guayaquil',1,'2026-07-06 12:57:54','2026-07-06 12:57:54'),(67,50,'Esmeraldas',1,'2026-07-06 12:57:54','2026-07-06 12:57:54'),(68,51,'Alexandria',1,'2026-07-06 12:57:54','2026-07-06 12:57:54'),(69,51,'Port Said',1,'2026-07-06 12:57:54','2026-07-06 12:57:54'),(70,52,'Acajutla',1,'2026-07-06 12:57:54','2026-07-06 12:57:54'),(71,53,'Malabo',1,'2026-07-06 12:57:54','2026-07-06 12:57:54'),(72,54,'Massawa',1,'2026-07-06 12:57:54','2026-07-06 12:57:54'),(73,55,'Tallinn',1,'2026-07-06 12:57:54','2026-07-06 12:57:54'),(74,56,'Djibouti (primary port for Ethiopia)',1,'2026-07-06 12:57:54','2026-07-06 12:57:54'),(75,57,'Tórshavn',1,'2026-07-06 12:57:54','2026-07-06 12:57:54'),(76,58,'Suva',1,'2026-07-06 12:57:54','2026-07-06 12:57:54'),(77,59,'Helsinki',1,'2026-07-06 12:57:54','2026-07-06 12:57:54'),(78,60,'Le Havre',1,'2026-07-06 12:57:54','2026-07-06 12:57:54'),(79,60,'Marseille',1,'2026-07-06 12:57:54','2026-07-06 12:57:54'),(80,60,'Dunkirk',1,'2026-07-06 12:57:54','2026-07-06 12:57:54'),(81,61,'Cayenne',1,'2026-07-06 12:57:54','2026-07-06 12:57:54'),(82,62,'Papeete',1,'2026-07-06 12:57:54','2026-07-06 12:57:54'),(83,63,'Libreville',1,'2026-07-06 12:57:54','2026-07-06 12:57:54'),(84,64,'Banjul',1,'2026-07-06 12:57:54','2026-07-06 12:57:54'),(85,65,'Batumi',1,'2026-07-06 12:57:54','2026-07-06 12:57:54'),(86,66,'Hamburg',1,'2026-07-06 12:57:54','2026-07-06 12:57:54'),(87,66,'Bremerhaven',1,'2026-07-06 12:57:54','2026-07-06 12:57:54'),(88,66,'Wilhelmshaven',1,'2026-07-06 12:57:54','2026-07-06 12:57:54'),(89,66,'Bremen',1,'2026-07-06 12:57:54','2026-07-06 12:57:54'),(90,66,'Duisburg',1,'2026-07-06 12:57:54','2026-07-06 12:57:54'),(91,67,'Tema',1,'2026-07-06 12:57:54','2026-07-06 12:57:54'),(92,68,'Gibraltar',1,'2026-07-06 12:57:54','2026-07-06 12:57:54'),(93,69,'Piraeus',1,'2026-07-06 12:57:54','2026-07-06 12:57:54'),(94,70,'St. George\'s',1,'2026-07-06 12:57:54','2026-07-06 12:57:54'),(95,71,'Pointe-à-Pitre',1,'2026-07-06 12:57:54','2026-07-06 12:57:54'),(96,72,'Apra Harbor',1,'2026-07-06 12:57:54','2026-07-06 12:57:54'),(97,73,'Puerto Quetzal',1,'2026-07-06 12:57:54','2026-07-06 12:57:54'),(98,74,'Conakry',1,'2026-07-06 12:57:54','2026-07-06 12:57:54'),(99,75,'Bissau',1,'2026-07-06 12:57:54','2026-07-06 12:57:54'),(100,76,'Georgetown',1,'2026-07-06 12:57:54','2026-07-06 12:57:54'),(101,77,'Port-au-Prince',1,'2026-07-06 12:57:54','2026-07-06 12:57:54'),(102,78,'Puerto Cortés',1,'2026-07-06 12:57:54','2026-07-06 12:57:54'),(103,79,'Hong Kong',1,'2026-07-06 12:57:54','2026-07-06 12:57:54'),(104,80,'Budapest (via Danube River)',1,'2026-07-06 12:57:54','2026-07-06 12:57:54'),(105,81,'Reykjavik',1,'2026-07-06 12:57:54','2026-07-06 12:57:54'),(106,82,'Mumbai',1,'2026-07-06 12:57:54','2026-07-06 12:57:54'),(107,82,'Jawaharlal Nehru (Nhava Sheva)',1,'2026-07-06 12:57:54','2026-07-06 12:57:54'),(108,82,'Chennai',1,'2026-07-06 12:57:54','2026-07-06 12:57:54'),(109,82,'Kolkata',1,'2026-07-06 12:57:54','2026-07-06 12:57:54'),(110,82,'Visakhapatnam',1,'2026-07-06 12:57:54','2026-07-06 12:57:54'),(111,82,'Mundra',1,'2026-07-06 12:57:54','2026-07-06 12:57:54'),(112,83,'Jakarta',1,'2026-07-06 12:57:54','2026-07-06 12:57:54'),(113,84,'Abidjan',1,'2026-07-06 12:57:54','2026-07-06 12:57:54'),(114,85,'Bandar Abbas',1,'2026-07-06 12:57:54','2026-07-06 12:57:54'),(115,86,'Umm Qasr',1,'2026-07-06 12:57:54','2026-07-06 12:57:54'),(116,87,'Dublin',1,'2026-07-06 12:57:54','2026-07-06 12:57:54'),(117,88,'Haifa',1,'2026-07-06 12:57:54','2026-07-06 12:57:54'),(118,88,'Ashdod',1,'2026-07-06 12:57:54','2026-07-06 12:57:54'),(119,89,'Genoa',1,'2026-07-06 12:57:54','2026-07-06 12:57:54'),(120,89,'Venice',1,'2026-07-06 12:57:54','2026-07-06 12:57:54'),(121,89,'Naples',1,'2026-07-06 12:57:54','2026-07-06 12:57:54'),(122,90,'Kingston',1,'2026-07-06 12:57:54','2026-07-06 12:57:54'),(123,91,'Yokohama',1,'2026-07-06 12:57:54','2026-07-06 12:57:54'),(124,91,'Kobe',1,'2026-07-06 12:57:54','2026-07-06 12:57:54'),(125,91,'Nagoya',1,'2026-07-06 12:57:54','2026-07-06 12:57:54'),(126,91,'Tokyo',1,'2026-07-06 12:57:54','2026-07-06 12:57:54'),(127,91,'Osaka',1,'2026-07-06 12:57:54','2026-07-06 12:57:54'),(128,92,'Aqaba',1,'2026-07-06 12:57:54','2026-07-06 12:57:54'),(129,93,'Aktau (Caspian Sea)',1,'2026-07-06 12:57:54','2026-07-06 12:57:54'),(130,94,'Mombasa',1,'2026-07-06 12:57:54','2026-07-06 12:57:54'),(131,95,'Tarawa',1,'2026-07-06 12:57:54','2026-07-06 12:57:54'),(132,96,'Shuwaikh',1,'2026-07-06 12:57:54','2026-07-06 12:57:54'),(133,97,'Riga',1,'2026-07-06 12:57:54','2026-07-06 12:57:54'),(134,98,'Beirut',1,'2026-07-06 12:57:54','2026-07-06 12:57:54'),(135,99,'Durban (South Africa - main port)',1,'2026-07-06 12:57:54','2026-07-06 12:57:54'),(136,100,'Monrovia',1,'2026-07-06 12:57:54','2026-07-06 12:57:54'),(137,101,'Tripoli',1,'2026-07-06 12:57:54','2026-07-06 12:57:54'),(138,102,'Klaipėda',1,'2026-07-06 12:57:54','2026-07-06 12:57:54'),(139,103,'Luxembourg (via the Moselle River)',1,'2026-07-06 12:57:54','2026-07-06 12:57:54'),(140,104,'Macao',1,'2026-07-06 12:57:54','2026-07-06 12:57:54'),(141,105,'Toamasina',1,'2026-07-06 12:57:54','2026-07-06 12:57:54'),(142,106,'Nacala (Mozambique)',1,'2026-07-06 12:57:54','2026-07-06 12:57:54'),(143,107,'Port Klang',1,'2026-07-06 12:57:54','2026-07-06 12:57:54'),(144,108,'Malé',1,'2026-07-06 12:57:54','2026-07-06 12:57:54'),(145,109,'Valletta',1,'2026-07-06 12:57:54','2026-07-06 12:57:54'),(146,110,'Majuro',1,'2026-07-06 12:57:54','2026-07-06 12:57:54'),(147,111,'Fort-de-France',1,'2026-07-06 12:57:54','2026-07-06 12:57:54'),(148,112,'Port Louis',1,'2026-07-06 12:57:54','2026-07-06 12:57:54'),(149,113,'Mamoudzou',1,'2026-07-06 12:57:54','2026-07-06 12:57:54'),(150,114,'Veracruz',1,'2026-07-06 12:57:54','2026-07-06 12:57:54'),(151,115,'Pohnpei',1,'2026-07-06 12:57:54','2026-07-06 12:57:54'),(152,116,'Bar',1,'2026-07-06 12:57:54','2026-07-06 12:57:54'),(153,117,'Plymouth',1,'2026-07-06 12:57:54','2026-07-06 12:57:54'),(154,118,'Casablanca',1,'2026-07-06 12:57:54','2026-07-06 12:57:54'),(155,119,'Maputo',1,'2026-07-06 12:57:54','2026-07-06 12:57:54'),(156,120,'Yangon',1,'2026-07-06 12:57:54','2026-07-06 12:57:54'),(157,121,'Walvis Bay',1,'2026-07-06 12:57:54','2026-07-06 12:57:54'),(158,122,'Nauru',1,'2026-07-06 12:57:54','2026-07-06 12:57:54'),(159,123,'Kolkata (India port)',1,'2026-07-06 12:57:54','2026-07-06 12:57:54'),(160,124,'Rotterdam',1,'2026-07-06 12:57:54','2026-07-06 12:57:54'),(161,125,'Nouméa',1,'2026-07-06 12:57:54','2026-07-06 12:57:54'),(162,126,'Auckland',1,'2026-07-06 12:57:54','2026-07-06 12:57:54'),(163,126,'Wellington',1,'2026-07-06 12:57:54','2026-07-06 12:57:54'),(164,127,'Corinto',1,'2026-07-06 12:57:54','2026-07-06 12:57:54'),(165,128,'Lagos',1,'2026-07-06 12:57:54','2026-07-06 12:57:54'),(166,129,'Alofi',1,'2026-07-06 12:57:54','2026-07-06 12:57:54'),(167,130,'Saipan',1,'2026-07-06 12:57:54','2026-07-06 12:57:54'),(168,131,'Oslo',1,'2026-07-06 12:57:54','2026-07-06 12:57:54'),(169,132,'Sohar',1,'2026-07-06 12:57:54','2026-07-06 12:57:54'),(170,133,'Karachi',1,'2026-07-06 12:57:54','2026-07-06 12:57:54'),(171,134,'Malakal',1,'2026-07-06 12:57:54','2026-07-06 12:57:54'),(172,135,'Balboa',1,'2026-07-06 12:57:54','2026-07-06 12:57:54'),(173,136,'Port Moresby',1,'2026-07-06 12:57:54','2026-07-06 12:57:54'),(174,137,'Asunción (via Paraguay River)',1,'2026-07-06 12:57:54','2026-07-06 12:57:54'),(175,138,'Callao',1,'2026-07-06 12:57:54','2026-07-06 12:57:54'),(176,139,'Manila',1,'2026-07-06 12:57:54','2026-07-06 12:57:54'),(177,140,'Gdańsk',1,'2026-07-06 12:57:54','2026-07-06 12:57:54'),(178,141,'Lisbon',1,'2026-07-06 12:57:54','2026-07-06 12:57:54'),(179,141,'Porto',1,'2026-07-06 12:57:54','2026-07-06 12:57:54'),(180,142,'San Juan',1,'2026-07-06 12:57:54','2026-07-06 12:57:54'),(181,143,'Doha',1,'2026-07-06 12:57:54','2026-07-06 12:57:54'),(182,144,'Le Port',1,'2026-07-06 12:57:54','2026-07-06 12:57:54'),(183,145,'Constanța',1,'2026-07-06 12:57:54','2026-07-06 12:57:54'),(184,146,'St. Petersburg',1,'2026-07-06 12:57:54','2026-07-06 12:57:54'),(185,147,'Basseterre',1,'2026-07-06 12:57:54','2026-07-06 12:57:54'),(186,148,'Castries',1,'2026-07-06 12:57:54','2026-07-06 12:57:54'),(187,149,'Saint Pierre',1,'2026-07-06 12:57:54','2026-07-06 12:57:54'),(188,150,'Kingstown',1,'2026-07-06 12:57:54','2026-07-06 12:57:54'),(189,151,'Apia',1,'2026-07-06 12:57:54','2026-07-06 12:57:54'),(190,152,'São Tomé',1,'2026-07-06 12:57:54','2026-07-06 12:57:54'),(191,153,'Jeddah',1,'2026-07-06 12:57:54','2026-07-06 12:57:54'),(192,153,'Dammam',1,'2026-07-06 12:57:54','2026-07-06 12:57:54'),(193,154,'Dakar',1,'2026-07-06 12:57:54','2026-07-06 12:57:54'),(194,155,'Belgrade (via Danube River)',1,'2026-07-06 12:57:54','2026-07-06 12:57:54'),(195,156,'Victoria',1,'2026-07-06 12:57:54','2026-07-06 12:57:54'),(196,157,'Freetown',1,'2026-07-06 12:57:54','2026-07-06 12:57:54'),(197,158,'Singapore (Primary)',1,'2026-07-06 12:57:54','2026-07-06 12:57:54'),(198,158,'Pasir Panjang',1,'2026-07-06 12:57:54','2026-07-06 12:57:54'),(199,159,'Philipsburg',1,'2026-07-06 12:57:54','2026-07-06 12:57:54'),(200,160,'Bratislava (via Danube River)',1,'2026-07-06 12:57:54','2026-07-06 12:57:54'),(201,161,'Koper',1,'2026-07-06 12:57:54','2026-07-06 12:57:54'),(202,162,'Honiara',1,'2026-07-06 12:57:54','2026-07-06 12:57:54'),(203,163,'Mogadishu',1,'2026-07-06 12:57:54','2026-07-06 12:57:54'),(204,164,'Durban',1,'2026-07-06 12:57:54','2026-07-06 12:57:54'),(205,165,'Busan',1,'2026-07-06 12:57:54','2026-07-06 12:57:54'),(206,165,'Incheon',1,'2026-07-06 12:57:54','2026-07-06 12:57:54'),(207,165,'Gwangyang',1,'2026-07-06 12:57:54','2026-07-06 12:57:54'),(208,166,'Barcelona',1,'2026-07-06 12:57:54','2026-07-06 12:57:54'),(209,167,'Colombo',1,'2026-07-06 12:57:54','2026-07-06 12:57:54'),(210,168,'Port Sudan',1,'2026-07-06 12:57:54','2026-07-06 12:57:54'),(211,169,'Paramaribo',1,'2026-07-06 12:57:54','2026-07-06 12:57:54'),(212,170,'Gothenburg',1,'2026-07-06 12:57:54','2026-07-06 12:57:54'),(213,171,'Basel',1,'2026-07-06 12:57:54','2026-07-06 12:57:54'),(214,172,'Latakia',1,'2026-07-06 12:57:54','2026-07-06 12:57:54'),(215,173,'Kaohsiung',1,'2026-07-06 12:57:54','2026-07-06 12:57:54'),(216,174,'Dar es Salaam',1,'2026-07-06 12:57:54','2026-07-06 12:57:54'),(217,175,'Laem Chabang',1,'2026-07-06 12:57:54','2026-07-06 12:57:54'),(218,176,'Dili',1,'2026-07-06 12:57:54','2026-07-06 12:57:54'),(219,177,'Lomé',1,'2026-07-06 12:57:54','2026-07-06 12:57:54'),(220,178,'Nuku\'alofa',1,'2026-07-06 12:57:54','2026-07-06 12:57:54'),(221,179,'Spain',1,'2026-07-06 12:57:54','2026-07-06 12:57:54'),(222,180,'Tunis',1,'2026-07-06 12:57:54','2026-07-06 12:57:54'),(223,181,'Istanbul',1,'2026-07-06 12:57:54','2026-07-06 12:57:54'),(224,182,'Providenciales',1,'2026-07-06 12:57:54','2026-07-06 12:57:54'),(225,183,'Funafuti',1,'2026-07-06 12:57:54','2026-07-06 12:57:54'),(226,184,'Odessa',1,'2026-07-06 12:57:54','2026-07-06 12:57:54'),(227,185,'Jebel Ali',1,'2026-07-06 12:57:54','2026-07-06 12:57:54'),(228,186,'Felixstowe',1,'2026-07-06 12:57:54','2026-07-06 12:57:54'),(229,186,'London',1,'2026-07-06 12:57:54','2026-07-06 12:57:54'),(230,187,'Los Angeles',1,'2026-07-06 12:57:54','2026-07-06 12:57:54'),(231,187,'New York and New Jersey',1,'2026-07-06 12:57:54','2026-07-06 12:57:54'),(232,188,'Montevideo',1,'2026-07-06 12:57:54','2026-07-06 12:57:54'),(233,189,'Port Vila',1,'2026-07-06 12:57:54','2026-07-06 12:57:54'),(234,190,'La Guaira',1,'2026-07-06 12:57:54','2026-07-06 12:57:54'),(235,191,'Ho Chi Minh City',1,'2026-07-06 12:57:54','2026-07-06 12:57:54'),(236,192,'Mata-Utu',1,'2026-07-06 12:57:54','2026-07-06 12:57:54'),(237,193,'Aden',1,'2026-07-06 12:57:54','2026-07-06 12:57:54'),(238,194,'Beira (Mozambique)',1,'2026-07-06 12:57:54','2026-07-06 12:57:54');
/*!40000 ALTER TABLE `shipping_ports` ENABLE KEYS */;
UNLOCK TABLES;

--
-- Table structure for table `shipping_zones`
--

DROP TABLE IF EXISTS `shipping_zones`;
/*!40101 SET @saved_cs_client     = @@character_set_client */;
/*!50503 SET character_set_client = utf8mb4 */;
CREATE TABLE `shipping_zones` (
  `id` int NOT NULL AUTO_INCREMENT,
  `zone_name` varchar(100) NOT NULL,
  `minimum_order` decimal(12,2) NOT NULL,
  `created_at` timestamp NULL DEFAULT NULL,
  `updated_at` timestamp NULL DEFAULT NULL,
  PRIMARY KEY (`id`)
) ENGINE=InnoDB AUTO_INCREMENT=3 DEFAULT CHARSET=utf8mb4 COLLATE=utf8mb4_unicode_ci;
/*!40101 SET character_set_client = @saved_cs_client */;

--
-- Dumping data for table `shipping_zones`
--

LOCK TABLES `shipping_zones` WRITE;
/*!40000 ALTER TABLE `shipping_zones` DISABLE KEYS */;
INSERT INTO `shipping_zones` VALUES (1,'United Kingdom',5000.00,NULL,NULL),(2,'Rest of World',10000.00,NULL,NULL);
/*!40000 ALTER TABLE `shipping_zones` ENABLE KEYS */;
UNLOCK TABLES;

--
-- Table structure for table `storage_group_mapping`
--

DROP TABLE IF EXISTS `storage_group_mapping`;
/*!40101 SET @saved_cs_client     = @@character_set_client */;
/*!50503 SET character_set_client = utf8mb4 */;
CREATE TABLE `storage_group_mapping` (
  `id` int NOT NULL AUTO_INCREMENT,
  `group_code` varchar(20) NOT NULL,
  `sub_group_name` varchar(150) NOT NULL,
  `storage_type` enum('Ambient','Frozen','Chilled') NOT NULL DEFAULT 'Ambient',
  `created_at` timestamp NULL DEFAULT CURRENT_TIMESTAMP,
  `updated_at` timestamp NULL DEFAULT CURRENT_TIMESTAMP ON UPDATE CURRENT_TIMESTAMP,
  PRIMARY KEY (`id`),
  UNIQUE KEY `group_code` (`group_code`)
) ENGINE=InnoDB AUTO_INCREMENT=39 DEFAULT CHARSET=utf8mb4 COLLATE=utf8mb4_unicode_ci;
/*!40101 SET character_set_client = @saved_cs_client */;

--
-- Dumping data for table `storage_group_mapping`
--

LOCK TABLES `storage_group_mapping` WRITE;
/*!40000 ALTER TABLE `storage_group_mapping` DISABLE KEYS */;
INSERT INTO `storage_group_mapping` VALUES (1,'BAB10','BABY FOOD','Ambient','2026-07-06 11:59:36','2026-07-06 15:07:29'),(2,'BAB11','BABY PRODUCTS','Ambient','2026-07-06 11:59:36','2026-07-06 15:07:29'),(3,'BIS10','BISCUITS','Ambient','2026-07-06 11:59:36','2026-07-06 15:07:29'),(4,'CER10','CEREAL','Ambient','2026-07-06 11:59:36','2026-07-06 15:07:29'),(5,'CHI10','CHILLED DESSERTS','Chilled','2026-07-06 11:59:36','2026-07-06 15:07:29'),(6,'CHI11','CHILLED DRINKS','Chilled','2026-07-06 11:59:36','2026-07-06 15:07:29'),(7,'CHI12','CHILLED MIX','Chilled','2026-07-06 11:59:36','2026-07-06 15:07:29'),(8,'CON10','CONDIMENTS & SAUCES','Ambient','2026-07-06 11:59:36','2026-07-06 15:07:29'),(9,'CON11','CONFECTIONERY CHOCOLATE','Ambient','2026-07-06 11:59:36','2026-07-06 15:07:29'),(10,'CON12','CONFECTIONERY SWEETS','Ambient','2026-07-06 11:59:36','2026-07-06 15:07:29'),(11,'CRI10','CRISPS & SNACKS','Ambient','2026-07-06 11:59:36','2026-07-06 15:07:29'),(12,'DEN10','DENTAL CARE','Ambient','2026-07-06 11:59:36','2026-07-06 15:07:29'),(13,'DES10','CHILLED DESSERTS','Chilled','2026-07-06 11:59:36','2026-07-06 15:07:29'),(14,'ENE10','ENERGY DRINKS','Ambient','2026-07-06 11:59:36','2026-07-06 15:07:29'),(15,'EST10','EASTER','Ambient','2026-07-06 11:59:36','2026-07-06 15:07:29'),(16,'FRE10','FREE FROM','Ambient','2026-07-06 11:59:36','2026-07-06 15:07:29'),(17,'FRO10','FROZEN DESSERTS','Frozen','2026-07-06 11:59:36','2026-07-06 15:07:29'),(18,'FRO11','FROZEN FOOD','Frozen','2026-07-06 11:59:36','2026-07-06 15:07:29'),(19,'GRO10','GROCERY','Ambient','2026-07-06 11:59:36','2026-07-06 15:07:29'),(20,'GUM10','GUM AND MINTS','Ambient','2026-07-06 11:59:36','2026-07-06 15:07:29'),(21,'HEA10','HEALTH AND BEAUTY','Ambient','2026-07-06 11:59:36','2026-07-06 15:07:29'),(22,'HEA11','HEALTHFOOD','Ambient','2026-07-06 11:59:36','2026-07-06 15:07:29'),(23,'HOT10','HOT BEVERAGES','Ambient','2026-07-06 11:59:36','2026-07-06 15:07:29'),(24,'HOU10','HOUSEHOLD','Ambient','2026-07-06 11:59:36','2026-07-06 15:07:29'),(25,'JAM10','JAMS & SPREADS','Ambient','2026-07-06 11:59:36','2026-07-06 15:07:29'),(26,'MED10','MEDICINAL','Ambient','2026-07-06 11:59:36','2026-07-06 15:07:29'),(27,'NON10','NON FOODS','Ambient','2026-07-06 11:59:36','2026-07-06 15:07:29'),(28,'OIL10','OILS AND VINEGARS','Ambient','2026-07-06 11:59:36','2026-07-06 15:07:29'),(29,'PET10','PET FOOD','Ambient','2026-07-06 11:59:36','2026-07-06 15:07:29'),(30,'PET11','PET CARE','Ambient','2026-07-06 11:59:36','2026-07-06 15:07:29'),(31,'SAU10','SAUCES AND SYRUPS','Ambient','2026-07-06 11:59:36','2026-07-06 15:07:29'),(32,'SEA10','SEASONAL XMAS','Ambient','2026-07-06 11:59:36','2026-07-06 15:07:29'),(33,'SEA11','SEASONAL','Ambient','2026-07-06 11:59:36','2026-07-06 15:07:29'),(34,'SOF10','SOFTDRINKS','Ambient','2026-07-06 11:59:36','2026-07-06 15:07:29'),(35,'SUG10','SUGAR & SWEETNERS','Ambient','2026-07-06 11:59:36','2026-07-06 15:07:29'),(36,'WAF10','WAFER','Ambient','2026-07-06 11:59:36','2026-07-06 15:07:29'),(37,'WAT10','WATER','Ambient','2026-07-06 11:59:36','2026-07-06 15:07:29'),(38,'WOR10','WORLD FOODS','Ambient','2026-07-06 11:59:36','2026-07-06 15:07:29');
/*!40000 ALTER TABLE `storage_group_mapping` ENABLE KEYS */;
UNLOCK TABLES;

--
-- Table structure for table `sub_categories`
--

DROP TABLE IF EXISTS `sub_categories`;
/*!40101 SET @saved_cs_client     = @@character_set_client */;
/*!50503 SET character_set_client = utf8mb4 */;
CREATE TABLE `sub_categories` (
  `id` int NOT NULL AUTO_INCREMENT,
  `category_id` int NOT NULL,
  `sub_category_name` varchar(100) NOT NULL,
  `group_code` varchar(10) NOT NULL,
  `status` tinyint(1) NOT NULL DEFAULT '1',
  `created_at` timestamp NULL DEFAULT NULL,
  `updated_at` timestamp NULL DEFAULT NULL,
  PRIMARY KEY (`id`),
  UNIQUE KEY `unique_group_code` (`group_code`),
  KEY `category_id` (`category_id`)
) ENGINE=InnoDB AUTO_INCREMENT=37 DEFAULT CHARSET=utf8mb4 COLLATE=utf8mb4_unicode_ci;
/*!40101 SET character_set_client = @saved_cs_client */;

--
-- Dumping data for table `sub_categories`
--

LOCK TABLES `sub_categories` WRITE;
/*!40000 ALTER TABLE `sub_categories` DISABLE KEYS */;
INSERT INTO `sub_categories` VALUES (1,9,'Frozen Food','FRO11',1,'2026-07-04 18:03:24','2026-07-04 18:03:24'),(2,5,'Hot Beverages','HOT10',1,'2026-07-04 18:03:24','2026-07-04 18:03:24'),(3,5,'Softdrinks','SOF10',1,'2026-07-04 18:03:24','2026-07-04 18:03:24'),(4,5,'Water','WAT10',1,'2026-07-04 18:03:24','2026-07-04 18:03:24'),(5,5,'Energy Drinks','ENE10',1,'2026-07-04 18:03:24','2026-07-04 18:03:24'),(6,2,'Grocery','GRO10',1,'2026-07-04 18:03:24','2026-07-04 18:03:24'),(7,2,'Cereal','CER10',1,'2026-07-04 18:03:24','2026-07-04 18:03:24'),(8,2,'Jams & Spreads','JAM10',1,'2026-07-04 18:03:24','2026-07-04 18:03:24'),(9,2,'Condiments & Sauces','CON10',1,'2026-07-04 18:03:24','2026-07-04 18:03:24'),(10,1,'Confectionery Chocolate','CON11',1,'2026-07-04 18:03:24','2026-07-04 18:03:24'),(11,1,'Wafer','WAF10',1,'2026-07-04 18:03:24','2026-07-04 18:03:24'),(12,3,'Confectionery Sweets','CON12',1,'2026-07-04 18:03:24','2026-07-04 18:03:24'),(13,3,'Gum and Mints','GUM10',1,'2026-07-04 18:03:24','2026-07-04 18:03:24'),(14,4,'Crisps & Snacks','CRI10',1,'2026-07-04 18:03:24','2026-07-04 18:03:24'),(15,6,'Biscuits','BIS10',1,'2026-07-04 18:03:24','2026-07-04 18:03:24'),(16,8,'Chilled Drinks','CHI11',1,'2026-07-04 18:03:24','2026-07-04 18:03:24'),(17,11,'Health and Beauty','HEA10',1,'2026-07-04 18:03:24','2026-07-04 18:03:24'),(18,11,'Healthfood','HEA11',1,'2026-07-04 18:03:24','2026-07-04 18:03:24'),(19,11,'Dental Care','DEN10',1,'2026-07-04 18:03:24','2026-07-04 18:03:24'),(20,12,'Pet Food','PET10',1,'2026-07-04 18:03:24','2026-07-04 18:03:24'),(21,13,'Household','HOU10',1,'2026-07-04 18:03:24','2026-07-04 18:03:24'),(22,8,'Desserts','DES10',1,'2026-07-04 18:03:24','2026-07-04 18:03:24'),(23,10,'Baby Food','BAB10',1,'2026-07-04 18:03:24','2026-07-04 18:03:24'),(24,10,'Baby Products','BAB11',1,'2026-07-04 18:03:24','2026-07-04 18:03:24'),(25,8,'Chilled Desserts','CHI10',1,'2026-07-04 18:03:24','2026-07-04 18:03:24'),(26,8,'Chilled Mix','CHI12',1,'2026-07-04 18:03:24','2026-07-04 18:03:24'),(27,7,'Easter','EST10',1,'2026-07-04 18:03:24','2026-07-04 18:03:24'),(28,2,'Free From','FRE10',1,'2026-07-04 18:03:24','2026-07-04 18:03:24'),(29,9,'Frozen Desserts','FRO10',1,'2026-07-04 18:03:24','2026-07-04 18:03:24'),(30,11,'Medicinal','MED10',1,'2026-07-04 18:03:24','2026-07-04 18:03:24'),(31,2,'Oils and Vinegars','OIL10',1,'2026-07-04 18:03:24','2026-07-04 18:03:24'),(32,12,'Pet Care','PET11',1,'2026-07-04 18:03:24','2026-07-04 18:03:24'),(33,2,'Sauces and Syrups','SAU10',1,'2026-07-04 18:03:24','2026-07-04 18:03:24'),(34,7,'Seasonal Xmas','SEA10',1,'2026-07-04 18:03:24','2026-07-04 18:03:24'),(35,7,'Seasonal','SEA11',1,'2026-07-04 18:03:24','2026-07-04 18:03:24'),(36,2,'Sugar & Sweeteners','SUG10',1,'2026-07-04 18:03:24','2026-07-04 18:03:24');
/*!40000 ALTER TABLE `sub_categories` ENABLE KEYS */;
UNLOCK TABLES;

--
-- Table structure for table `suppliers`
--

DROP TABLE IF EXISTS `suppliers`;
/*!40101 SET @saved_cs_client     = @@character_set_client */;
/*!50503 SET character_set_client = utf8mb4 */;
CREATE TABLE `suppliers` (
  `id` int NOT NULL AUTO_INCREMENT,
  `supplier_index` varchar(50) DEFAULT NULL,
  `supplier_reference` varchar(100) DEFAULT NULL,
  `supplier_name` varchar(255) DEFAULT NULL,
  `status` tinyint DEFAULT '1',
  `created_at` timestamp NULL DEFAULT CURRENT_TIMESTAMP,
  `updated_at` timestamp NULL DEFAULT CURRENT_TIMESTAMP ON UPDATE CURRENT_TIMESTAMP,
  `supplier_code` varchar(50) DEFAULT NULL,
  PRIMARY KEY (`id`),
  UNIQUE KEY `supplier_index` (`supplier_index`)
) ENGINE=InnoDB AUTO_INCREMENT=6 DEFAULT CHARSET=utf8mb4 COLLATE=utf8mb4_unicode_ci;
/*!40101 SET character_set_client = @saved_cs_client */;

--
-- Dumping data for table `suppliers`
--

LOCK TABLES `suppliers` WRITE;
/*!40000 ALTER TABLE `suppliers` DISABLE KEYS */;
INSERT INTO `suppliers` VALUES (1,'1','CADBURY','Cadbury',1,'2026-06-21 17:36:07','2026-07-06 15:07:29',NULL),(2,'2','YOUNGS','Young\'s',1,'2026-06-21 17:36:07','2026-07-06 15:07:29',NULL),(3,'3','MCVITIES','McVitie\'s',1,'2026-06-21 17:36:07','2026-07-06 15:07:29',NULL),(4,'4','NESTLE','Nestle',1,'2026-06-21 17:36:07','2026-07-06 15:07:29',NULL),(5,'5','COCACOLA','Coca Cola',1,'2026-06-21 17:36:07','2026-07-06 15:07:29',NULL);
/*!40000 ALTER TABLE `suppliers` ENABLE KEYS */;
UNLOCK TABLES;

--
-- Table structure for table `users`
--

DROP TABLE IF EXISTS `users`;
/*!40101 SET @saved_cs_client     = @@character_set_client */;
/*!50503 SET character_set_client = utf8mb4 */;
CREATE TABLE `users` (
  `id` int NOT NULL AUTO_INCREMENT,
  `name` varchar(255) NOT NULL,
  `email` varchar(255) NOT NULL,
  `password` varchar(255) NOT NULL,
  `role` enum('admin','customer') DEFAULT 'customer',
  `status` enum('pending','approved','rejected') DEFAULT 'pending',
  `created_at` timestamp NULL DEFAULT CURRENT_TIMESTAMP,
  `updated_at` timestamp NULL DEFAULT CURRENT_TIMESTAMP ON UPDATE CURRENT_TIMESTAMP,
  PRIMARY KEY (`id`),
  UNIQUE KEY `email` (`email`)
) ENGINE=InnoDB DEFAULT CHARSET=utf8mb4 COLLATE=utf8mb4_unicode_ci;
/*!40101 SET character_set_client = @saved_cs_client */;

--
-- Dumping data for table `users`
--

LOCK TABLES `users` WRITE;
/*!40000 ALTER TABLE `users` DISABLE KEYS */;
/*!40000 ALTER TABLE `users` ENABLE KEYS */;
UNLOCK TABLES;
/*!40103 SET TIME_ZONE=@OLD_TIME_ZONE */;

/*!40101 SET SQL_MODE=@OLD_SQL_MODE */;
/*!40014 SET FOREIGN_KEY_CHECKS=@OLD_FOREIGN_KEY_CHECKS */;
/*!40014 SET UNIQUE_CHECKS=@OLD_UNIQUE_CHECKS */;
/*!40101 SET CHARACTER_SET_CLIENT=@OLD_CHARACTER_SET_CLIENT */;
/*!40101 SET CHARACTER_SET_RESULTS=@OLD_CHARACTER_SET_RESULTS */;
/*!40101 SET COLLATION_CONNECTION=@OLD_COLLATION_CONNECTION */;
/*!40111 SET SQL_NOTES=@OLD_SQL_NOTES */;

-- Dump completed on 2026-07-07 17:08:34
